inscription_id_internal,source_name,source_volume,source_page,source_plate,source_object_id,site,subsite_or_mound,country,artifact_type,material,period_or_phase,excavated_or_unprovenanced,reading_direction_if_known,sign_sequence_raw,sign_sequence_source_ids,image_path_if_available,notes,confidence,sequence_source_exact,sequence_registry_ids,sequence_variant_sensitive,sequence_variant_collapsed_light,sequence_unknown_markers,sequence_damage_markers,sequence_direction_normalized,ingested_at,source_sha256
GLOSSA-M-1A,Corpus of Indus Seals and Inscriptions (mayig digitization),Vol.1 (CISI India collections subset),,,M-1A,Mohenjo-daro,DK Area / HR Area,Pakistan,unicorn seal,steatite (assumed; seal corpus),"Mature Harappan (2600–1900 BCE, undifferentiated)",excavated,RTL (conventional),P121 P202 P385 P073 P108,P121 P202 P385 P073 P108,,unicorn I seal,medium,P121 P202 P385 P073 P108,P121 P202 P385 P073 P108,P121 P202 P385 P073 P108,P121 P202 P385 P073 P108,,,RTL,2026-04-22T17:10:09Z,see logs/file_manifest.json
GLOSSA-M-3A,Corpus of Indus Seals and Inscriptions (mayig digitization),Vol.1 (CISI India collections subset),,,M-3A,Mohenjo-daro,DK Area / HR Area,Pakistan,unicorn seal,steatite (assumed; seal corpus),"Mature Harappan (2600–1900 BCE, undifferentiated)",excavated,RTL (conventional),P320 P145 P094,P320 P145 P094,,unicorn I seal,medium,P320 P145 P094,P320 P145 P094,P320 P145 P094,P320 P145 P094,,,RTL,2026-04-22T17:10:09Z,see logs/file_manifest.json
GLOSSA-M-4A,Corpus of Indus Seals and Inscriptions (mayig digitization),Vol.1 (CISI India collections subset),,,M-4A,Mohenjo-daro,DK Area / HR Area,Pakistan,unicorn seal,steatite (assumed; seal corpus),"Mature Harappan (2600–1900 BCE, undifferentiated)",excavated,RTL (conventional),P205 P186 P147 P316 P056 P122 P237 P268 P268 P147,P205 P186 P147 P316 P056 P122 P237 P268 P268 P147,,unicorn I seal,medium,P205 P186 P147 P316 P056 P122 P237 P268 P268 P147,P205 P186 P147 P316 P056 P122 P237 P268 P268 P147,P205 P186 P147 P316 P056 P122 P237 P268 P268 P147,P205 P186 P147 P316 P056 P122 P237 P268 P268 P147,,,RTL,2026-04-22T17:10:09Z,see logs/file_manifest.json
GLOSSA-M-5A,Corpus of Indus Seals and Inscriptions (mayig digitization),Vol.1 (CISI India collections subset),,,M-5A,Mohenjo-daro,DK Area / HR Area,Pakistan,unicorn seal,steatite (assumed; seal corpus),"Mature Harappan (2600–1900 BCE, undifferentiated)",excavated,RTL (conventional),P324 P096 P062 P060 P120 P256,P324 P096 P062 P060 P120 P256,,unicorn I seal,medium,P324 P096 P062 P060 P120 P256,P324 P096 P062 P060 P120 P256,P324 P096 P062 P060 P120 P256,P324 P096 P062 P060 P120 P256,,,RTL,2026-04-22T17:10:09Z,see logs/file_manifest.json
GLOSSA-M-6A,Corpus of Indus Seals and Inscriptions (mayig digitization),Vol.1 (CISI India collections subset),,,M-6A,Mohenjo-daro,DK Area / HR Area,Pakistan,unicorn seal,steatite (assumed; seal corpus),"Mature Harappan (2600–1900 BCE, undifferentiated)",excavated,RTL (conventional),P378 P384 P201 P065,P378 P384 P201 P065,,unicorn I seal,medium,P378 P384 P201 P065,P378 P384 P201 P065,P378 P384 P201 P065,P378 P384 P201 P065,,,RTL,2026-04-22T17:10:09Z,see logs/file_manifest.json
GLOSSA-M-7A,Corpus of Indus Seals and Inscriptions (mayig digitization),Vol.1 (CISI India collections subset),,,M-7A,Mohenjo-daro,DK Area / HR Area,Pakistan,unicorn seal,steatite (assumed; seal corpus),"Mature Harappan (2600–1900 BCE, undifferentiated)",excavated,RTL (conventional),P086 P352 P011 P324 P154 P009 P154 P175 P062 P122 P385,P086 P352 P011 P324 P154 P009 P154 P175 P062 P122 P385,,unicorn I seal,medium,P086 P352 P011 P324 P154 P009 P154 P175 P062 P122 P385,P086 P352 P011 P324 P154 P009 P154 P175 P062 P122 P385,P086 P352 P011 P324 P154 P009 P154 P175 P062 P122 P385,P086 P352 P011 P324 P154 P009 P154 P175 P062 P122 P385,,,RTL,2026-04-22T17:10:09Z,see logs/file_manifest.json
GLOSSA-M-8A,Corpus of Indus Seals and Inscriptions (mayig digitization),Vol.1 (CISI India collections subset),,,M-8A,Mohenjo-daro,DK Area / HR Area,Pakistan,unicorn seal,steatite (assumed; seal corpus),"Mature Harappan (2600–1900 BCE, undifferentiated)",excavated,RTL (conventional),P316 P011 P270,P316 P011 P270,,unicorn I seal,medium,P316 P011 P270,P316 P011 P270,P316 P011 P270,P316 P011 P270,,,RTL,2026-04-22T17:10:09Z,see logs/file_manifest.json
GLOSSA-M-9A,Corpus of Indus Seals and Inscriptions (mayig digitization),Vol.1 (CISI India collections subset),,,M-9A,Mohenjo-daro,DK Area / HR Area,Pakistan,unicorn seal,steatite (assumed; seal corpus),"Mature Harappan (2600–1900 BCE, undifferentiated)",excavated,RTL (conventional),P144 P205 P327,P144 P205 P327,,unicorn I seal,medium,P144 P205 P327,P144 P205 P327,P144 P205 P327,P144 P205 P327,,,RTL,2026-04-22T17:10:09Z,see logs/file_manifest.json
GLOSSA-M-10A,Corpus of Indus Seals and Inscriptions (mayig digitization),Vol.1 (CISI India collections subset),,,M-10A,Mohenjo-daro,DK Area / HR Area,Pakistan,unicorn seal,steatite (assumed; seal corpus),"Mature Harappan (2600–1900 BCE, undifferentiated)",excavated,RTL (conventional),P086 P204 P114 P151 P316 P060 P364 P122 P067 P221,P086 P204 P114 P151 P316 P060 P364 P122 P067 P221,,unicorn I seal,medium,P086 P204 P114 P151 P316 P060 P364 P122 P067 P221,P086 P204 P114 P151 P316 P060 P364 P122 P067 P221,P086 P204 P114 P151 P316 P060 P364 P122 P067 P221,P086 P204 P114 P151 P316 P060 P364 P122 P067 P221,,,RTL,2026-04-22T17:10:09Z,see logs/file_manifest.json
GLOSSA-M-12A,Corpus of Indus Seals and Inscriptions (mayig digitization),Vol.1 (CISI India collections subset),,,M-12A,Mohenjo-daro,DK Area / HR Area,Pakistan,unicorn seal,steatite (assumed; seal corpus),"Mature Harappan (2600–1900 BCE, undifferentiated)",excavated,RTL (conventional),P324 P086 P276 P058 P122 P202 P386 P182 P108,P324 P086 P276 P058 P122 P202 P386 P182 P108,,unicorn II seal,medium,P324 P086 P276 P058 P122 P202 P386 P182 P108,P324 P086 P276 P058 P122 P202 P386 P182 P108,P324 P086 P276 P058 P122 P202 P386 P182 P108,P324 P086 P276 P058 P122 P202 P386 P182 P108,,,RTL,2026-04-22T17:10:09Z,see logs/file_manifest.json
GLOSSA-M-13A,Corpus of Indus Seals and Inscriptions (mayig digitization),Vol.1 (CISI India collections subset),,,M-13A,Mohenjo-daro,DK Area / HR Area,Pakistan,unicorn seal,steatite (assumed; seal corpus),"Mature Harappan (2600–1900 BCE, undifferentiated)",excavated,RTL (conventional),P202 P205 P035,P202 P205 P035,,unicorn II seal,medium,P202 P205 P035,P202 P205 P035,P202 P205 P035,P202 P205 P035,,,RTL,2026-04-22T17:10:09Z,see logs/file_manifest.json
GLOSSA-M-14A,Corpus of Indus Seals and Inscriptions (mayig digitization),Vol.1 (CISI India collections subset),,,M-14A,Mohenjo-daro,DK Area / HR Area,Pakistan,unicorn seal,steatite (assumed; seal corpus),"Mature Harappan (2600–1900 BCE, undifferentiated)",excavated,RTL (conventional),P324 P117 P210 P122 P385,P324 P117 P210 P122 P385,,unicorn II seal,medium,P324 P117 P210 P122 P385,P324 P117 P210 P122 P385,P324 P117 P210 P122 P385,P324 P117 P210 P122 P385,,,RTL,2026-04-22T17:10:09Z,see logs/file_manifest.json
GLOSSA-M-15A,Corpus of Indus Seals and Inscriptions (mayig digitization),Vol.1 (CISI India collections subset),,,M-15A,Mohenjo-daro,DK Area / HR Area,Pakistan,unicorn seal,steatite (assumed; seal corpus),"Mature Harappan (2600–1900 BCE, undifferentiated)",excavated,RTL (conventional),P013 P324 P194 P122 P385,P013 P324 P194 P122 P385,,unicorn II seal,medium,P013 P324 P194 P122 P385,P013 P324 P194 P122 P385,P013 P324 P194 P122 P385,P013 P324 P194 P122 P385,,,RTL,2026-04-22T17:10:09Z,see logs/file_manifest.json
GLOSSA-M-16A,Corpus of Indus Seals and Inscriptions (mayig digitization),Vol.1 (CISI India collections subset),,,M-16A,Mohenjo-daro,DK Area / HR Area,Pakistan,unicorn seal,steatite (assumed; seal corpus),"Mature Harappan (2600–1900 BCE, undifferentiated)",excavated,RTL (conventional),P378 P026 P151 P346,P378 P026 P151 P346,,unicorn II seal,medium,P378 P026 P151 P346,P378 P026 P151 P346,P378 P026 P151 P346,P378 P026 P151 P346,,,RTL,2026-04-22T17:10:09Z,see logs/file_manifest.json
GLOSSA-M-17A,Corpus of Indus Seals and Inscriptions (mayig digitization),Vol.1 (CISI India collections subset),,,M-17A,Mohenjo-daro,DK Area / HR Area,Pakistan,unicorn seal,steatite (assumed; seal corpus),"Mature Harappan (2600–1900 BCE, undifferentiated)",excavated,RTL (conventional),P086 P126 P122 P369 P232,P086 P126 P122 P369 P232,,unicorn II seal,medium,P086 P126 P122 P369 P232,P086 P126 P122 P369 P232,P086 P126 P122 P369 P232,P086 P126 P122 P369 P232,,,RTL,2026-04-22T17:10:09Z,see logs/file_manifest.json
GLOSSA-M-18A,Corpus of Indus Seals and Inscriptions (mayig digitization),Vol.1 (CISI India collections subset),,,M-18A,Mohenjo-daro,DK Area / HR Area,Pakistan,unicorn seal,steatite (assumed; seal corpus),"Mature Harappan (2600–1900 BCE, undifferentiated)",excavated,RTL (conventional),P341 P324 P142,P341 P324 P142,,unicorn II seal,medium,P341 P324 P142,P341 P324 P142,P341 P324 P142,P341 P324 P142,,,RTL,2026-04-22T17:10:09Z,see logs/file_manifest.json
GLOSSA-M-19A,Corpus of Indus Seals and Inscriptions (mayig digitization),Vol.1 (CISI India collections subset),,,M-19A,Mohenjo-daro,DK Area / HR Area,Pakistan,unicorn seal,steatite (assumed; seal corpus),"Mature Harappan (2600–1900 BCE, undifferentiated)",excavated,RTL (conventional),P000 P122 P385,P000 P122 P385,,unicorn II seal,medium,P000 P122 P385,P000 P122 P385,P000 P122 P385,P000 P122 P385,,,RTL,2026-04-22T17:10:09Z,see logs/file_manifest.json
GLOSSA-M-20A,Corpus of Indus Seals and Inscriptions (mayig digitization),Vol.1 (CISI India collections subset),,,M-20A,Mohenjo-daro,DK Area / HR Area,Pakistan,unicorn seal,steatite (assumed; seal corpus),"Mature Harappan (2600–1900 BCE, undifferentiated)",excavated,RTL (conventional),P086 P125 P122 P385 P147 P147 P215 P275,P086 P125 P122 P385 P147 P147 P215 P275,,unicorn II seal,medium,P086 P125 P122 P385 P147 P147 P215 P275,P086 P125 P122 P385 P147 P147 P215 P275,P086 P125 P122 P385 P147 P147 P215 P275,P086 P125 P122 P385 P147 P147 P215 P275,,,RTL,2026-04-22T17:10:09Z,see logs/file_manifest.json
GLOSSA-M-21A,Corpus of Indus Seals and Inscriptions (mayig digitization),Vol.1 (CISI India collections subset),,,M-21A,Mohenjo-daro,DK Area / HR Area,Pakistan,unicorn seal,steatite (assumed; seal corpus),"Mature Harappan (2600–1900 BCE, undifferentiated)",excavated,RTL (conventional),P091 P121 P324 P272 P256 P145 P122 P385,P091 P121 P324 P272 P256 P145 P122 P385,,unicorn II seal,medium,P091 P121 P324 P272 P256 P145 P122 P385,P091 P121 P324 P272 P256 P145 P122 P385,P091 P121 P324 P272 P256 P145 P122 P385,P091 P121 P324 P272 P256 P145 P122 P385,,,RTL,2026-04-22T17:10:09Z,see logs/file_manifest.json
GLOSSA-M-22A,Corpus of Indus Seals and Inscriptions (mayig digitization),Vol.1 (CISI India collections subset),,,M-22A,Mohenjo-daro,DK Area / HR Area,Pakistan,unicorn seal,steatite (assumed; seal corpus),"Mature Harappan (2600–1900 BCE, undifferentiated)",excavated,RTL (conventional),P324 P172 P194 P050 P145 P230 P000,P324 P172 P194 P050 P145 P230 P000,,unicorn II seal,medium,P324 P172 P194 P050 P145 P230 P000,P324 P172 P194 P050 P145 P230 P000,P324 P172 P194 P050 P145 P230 P000,P324 P172 P194 P050 P145 P230 P000,,,RTL,2026-04-22T17:10:09Z,see logs/file_manifest.json
GLOSSA-M-23A,Corpus of Indus Seals and Inscriptions (mayig digitization),Vol.1 (CISI India collections subset),,,M-23A,Mohenjo-daro,DK Area / HR Area,Pakistan,unicorn seal,steatite (assumed; seal corpus),"Mature Harappan (2600–1900 BCE, undifferentiated)",excavated,RTL (conventional),P324 P197 P120 P256 P217 P050 P060 P121 P160 P350 P390 P076 P202,P324 P197 P120 P256 P217 P050 P060 P121 P160 P350 P390 P076 P202,,unicorn II seal,medium,P324 P197 P120 P256 P217 P050 P060 P121 P160 P350 P390 P076 P202,P324 P197 P120 P256 P217 P050 P060 P121 P160 P350 P390 P076 P202,P324 P197 P120 P256 P217 P050 P060 P121 P160 P350 P390 P076 P202,P324 P197 P120 P256 P217 P050 P060 P121 P160 P350 P390 P076 P202,,,RTL,2026-04-22T17:10:09Z,see logs/file_manifest.json
GLOSSA-M-24A,Corpus of Indus Seals and Inscriptions (mayig digitization),Vol.1 (CISI India collections subset),,,M-24A,Mohenjo-daro,DK Area / HR Area,Pakistan,unicorn seal,steatite (assumed; seal corpus),"Mature Harappan (2600–1900 BCE, undifferentiated)",excavated,RTL (conventional),P013 P324 P062 P060 P122 P174 P011,P013 P324 P062 P060 P122 P174 P011,,unicorn II seal,medium,P013 P324 P062 P060 P122 P174 P011,P013 P324 P062 P060 P122 P174 P011,P013 P324 P062 P060 P122 P174 P011,P013 P324 P062 P060 P122 P174 P011,,,RTL,2026-04-22T17:10:09Z,see logs/file_manifest.json
GLOSSA-M-25A,Corpus of Indus Seals and Inscriptions (mayig digitization),Vol.1 (CISI India collections subset),,,M-25A,Mohenjo-daro,DK Area / HR Area,Pakistan,unicorn seal,steatite (assumed; seal corpus),"Mature Harappan (2600–1900 BCE, undifferentiated)",excavated,RTL (conventional),P268 P268 P050 P316 P276,P268 P268 P050 P316 P276,,unicorn II seal,medium,P268 P268 P050 P316 P276,P268 P268 P050 P316 P276,P268 P268 P050 P316 P276,P268 P268 P050 P316 P276,,,RTL,2026-04-22T17:10:09Z,see logs/file_manifest.json
GLOSSA-M-26A,Corpus of Indus Seals and Inscriptions (mayig digitization),Vol.1 (CISI India collections subset),,,M-26A,Mohenjo-daro,DK Area / HR Area,Pakistan,unicorn seal,steatite (assumed; seal corpus),"Mature Harappan (2600–1900 BCE, undifferentiated)",excavated,RTL (conventional),P013 P324 P228 P120 P256,P013 P324 P228 P120 P256,,unicorn II seal,medium,P013 P324 P228 P120 P256,P013 P324 P228 P120 P256,P013 P324 P228 P120 P256,P013 P324 P228 P120 P256,,,RTL,2026-04-22T17:10:09Z,see logs/file_manifest.json
GLOSSA-M-27A,Corpus of Indus Seals and Inscriptions (mayig digitization),Vol.1 (CISI India collections subset),,,M-27A,Mohenjo-daro,DK Area / HR Area,Pakistan,unicorn seal,steatite (assumed; seal corpus),"Mature Harappan (2600–1900 BCE, undifferentiated)",excavated,RTL (conventional),P238 P060 P364 P325 P311 P154 P123,P238 P060 P364 P325 P311 P154 P123,,unicorn II seal,medium,P238 P060 P364 P325 P311 P154 P123,P238 P060 P364 P325 P311 P154 P123,P238 P060 P364 P325 P311 P154 P123,P238 P060 P364 P325 P311 P154 P123,,,RTL,2026-04-22T17:10:09Z,see logs/file_manifest.json
GLOSSA-M-28A,Corpus of Indus Seals and Inscriptions (mayig digitization),Vol.1 (CISI India collections subset),,,M-28A,Mohenjo-daro,DK Area / HR Area,Pakistan,unicorn seal,steatite (assumed; seal corpus),"Mature Harappan (2600–1900 BCE, undifferentiated)",excavated,RTL (conventional),P000 P103 P324 P332 P349 P095 P122 P385,P000 P103 P324 P332 P349 P095 P122 P385,,unicorn II seal,medium,P000 P103 P324 P332 P349 P095 P122 P385,P000 P103 P324 P332 P349 P095 P122 P385,P000 P103 P324 P332 P349 P095 P122 P385,P000 P103 P324 P332 P349 P095 P122 P385,,,RTL,2026-04-22T17:10:09Z,see logs/file_manifest.json
GLOSSA-M-29A,Corpus of Indus Seals and Inscriptions (mayig digitization),Vol.1 (CISI India collections subset),,,M-29A,Mohenjo-daro,DK Area / HR Area,Pakistan,unicorn seal,steatite (assumed; seal corpus),"Mature Harappan (2600–1900 BCE, undifferentiated)",excavated,RTL (conventional),P324 P142 P062 P060 P364 P122 P050 P221 P210,P324 P142 P062 P060 P364 P122 P050 P221 P210,,unicorn II seal,medium,P324 P142 P062 P060 P364 P122 P050 P221 P210,P324 P142 P062 P060 P364 P122 P050 P221 P210,P324 P142 P062 P060 P364 P122 P050 P221 P210,P324 P142 P062 P060 P364 P122 P050 P221 P210,,,RTL,2026-04-22T17:10:09Z,see logs/file_manifest.json
GLOSSA-M-30A,Corpus of Indus Seals and Inscriptions (mayig digitization),Vol.1 (CISI India collections subset),,,M-30A,Mohenjo-daro,DK Area / HR Area,Pakistan,unicorn seal,steatite (assumed; seal corpus),"Mature Harappan (2600–1900 BCE, undifferentiated)",excavated,RTL (conventional),P324 P332 P127 P210 P062 P060 P364,P324 P332 P127 P210 P062 P060 P364,,unicorn II seal,medium,P324 P332 P127 P210 P062 P060 P364,P324 P332 P127 P210 P062 P060 P364,P324 P332 P127 P210 P062 P060 P364,P324 P332 P127 P210 P062 P060 P364,,,RTL,2026-04-22T17:10:09Z,see logs/file_manifest.json
GLOSSA-M-31A,Corpus of Indus Seals and Inscriptions (mayig digitization),Vol.1 (CISI India collections subset),,,M-31A,Mohenjo-daro,DK Area / HR Area,Pakistan,unicorn seal,steatite (assumed; seal corpus),"Mature Harappan (2600–1900 BCE, undifferentiated)",excavated,RTL (conventional),P324 P067 P275 P058 P120 P378,P324 P067 P275 P058 P120 P378,,unicorn III seal,medium,P324 P067 P275 P058 P120 P378,P324 P067 P275 P058 P120 P378,P324 P067 P275 P058 P120 P378,P324 P067 P275 P058 P120 P378,,,RTL,2026-04-22T17:10:09Z,see logs/file_manifest.json
GLOSSA-M-32A,Corpus of Indus Seals and Inscriptions (mayig digitization),Vol.1 (CISI India collections subset),,,M-32A,Mohenjo-daro,DK Area / HR Area,Pakistan,unicorn seal,steatite (assumed; seal corpus),"Mature Harappan (2600–1900 BCE, undifferentiated)",excavated,RTL (conventional),P086 P123 P122 P385,P086 P123 P122 P385,,unicorn III seal,medium,P086 P123 P122 P385,P086 P123 P122 P385,P086 P123 P122 P385,P086 P123 P122 P385,,,RTL,2026-04-22T17:10:09Z,see logs/file_manifest.json
GLOSSA-M-33A,Corpus of Indus Seals and Inscriptions (mayig digitization),Vol.1 (CISI India collections subset),,,M-33A,Mohenjo-daro,DK Area / HR Area,Pakistan,unicorn seal,steatite (assumed; seal corpus),"Mature Harappan (2600–1900 BCE, undifferentiated)",excavated,RTL (conventional),P324 P145 P175 P111 P058 P122 P041,P324 P145 P175 P111 P058 P122 P041,,unicorn III seal,medium,P324 P145 P175 P111 P058 P122 P041,P324 P145 P175 P111 P058 P122 P041,P324 P145 P175 P111 P058 P122 P041,P324 P145 P175 P111 P058 P122 P041,,,RTL,2026-04-22T17:10:09Z,see logs/file_manifest.json
GLOSSA-M-34A,Corpus of Indus Seals and Inscriptions (mayig digitization),Vol.1 (CISI India collections subset),,,M-34A,Mohenjo-daro,DK Area / HR Area,Pakistan,unicorn seal,steatite (assumed; seal corpus),"Mature Harappan (2600–1900 BCE, undifferentiated)",excavated,RTL (conventional),P324 P309 P194 P122 P086 P108 P103,P324 P309 P194 P122 P086 P108 P103,,unicorn III seal,medium,P324 P309 P194 P122 P086 P108 P103,P324 P309 P194 P122 P086 P108 P103,P324 P309 P194 P122 P086 P108 P103,P324 P309 P194 P122 P086 P108 P103,,,RTL,2026-04-22T17:10:09Z,see logs/file_manifest.json
GLOSSA-M-35A,Corpus of Indus Seals and Inscriptions (mayig digitization),Vol.1 (CISI India collections subset),,,M-35A,Mohenjo-daro,DK Area / HR Area,Pakistan,unicorn seal,steatite (assumed; seal corpus),"Mature Harappan (2600–1900 BCE, undifferentiated)",excavated,RTL (conventional),P324 P086 P276 P058 P056 P122 P007,P324 P086 P276 P058 P056 P122 P007,,unicorn III seal,medium,P324 P086 P276 P058 P056 P122 P007,P324 P086 P276 P058 P056 P122 P007,P324 P086 P276 P058 P056 P122 P007,P324 P086 P276 P058 P056 P122 P007,,,RTL,2026-04-22T17:10:09Z,see logs/file_manifest.json
GLOSSA-M-36A,Corpus of Indus Seals and Inscriptions (mayig digitization),Vol.1 (CISI India collections subset),,,M-36A,Mohenjo-daro,DK Area / HR Area,Pakistan,unicorn seal,steatite (assumed; seal corpus),"Mature Harappan (2600–1900 BCE, undifferentiated)",excavated,RTL (conventional),P324 P358 P270 P050 P145 P122 P202 P174 P307,P324 P358 P270 P050 P145 P122 P202 P174 P307,,unicorn III seal,medium,P324 P358 P270 P050 P145 P122 P202 P174 P307,P324 P358 P270 P050 P145 P122 P202 P174 P307,P324 P358 P270 P050 P145 P122 P202 P174 P307,P324 P358 P270 P050 P145 P122 P202 P174 P307,,,RTL,2026-04-22T17:10:09Z,see logs/file_manifest.json
GLOSSA-M-37A,Corpus of Indus Seals and Inscriptions (mayig digitization),Vol.1 (CISI India collections subset),,,M-37A,Mohenjo-daro,DK Area / HR Area,Pakistan,unicorn seal,steatite (assumed; seal corpus),"Mature Harappan (2600–1900 BCE, undifferentiated)",excavated,RTL (conventional),P217 P050 P092,P217 P050 P092,,unicorn III seal,medium,P217 P050 P092,P217 P050 P092,P217 P050 P092,P217 P050 P092,,,RTL,2026-04-22T17:10:09Z,see logs/file_manifest.json
GLOSSA-M-38A,Corpus of Indus Seals and Inscriptions (mayig digitization),Vol.1 (CISI India collections subset),,,M-38A,Mohenjo-daro,DK Area / HR Area,Pakistan,unicorn seal,steatite (assumed; seal corpus),"Mature Harappan (2600–1900 BCE, undifferentiated)",excavated,RTL (conventional),P324 P256 P188 P073 P050 P145 P062 P060 P122 P086 P035 P270 P145,P324 P256 P188 P073 P050 P145 P062 P060 P122 P086 P035 P270 P145,,unicorn III seal,medium,P324 P256 P188 P073 P050 P145 P062 P060 P122 P086 P035 P270 P145,P324 P256 P188 P073 P050 P145 P062 P060 P122 P086 P035 P270 P145,P324 P256 P188 P073 P050 P145 P062 P060 P122 P086 P035 P270 P145,P324 P256 P188 P073 P050 P145 P062 P060 P122 P086 P035 P270 P145,,,RTL,2026-04-22T17:10:09Z,see logs/file_manifest.json
GLOSSA-M-39A,Corpus of Indus Seals and Inscriptions (mayig digitization),Vol.1 (CISI India collections subset),,,M-39A,Mohenjo-daro,DK Area / HR Area,Pakistan,unicorn seal,steatite (assumed; seal corpus),"Mature Harappan (2600–1900 BCE, undifferentiated)",excavated,RTL (conventional),P000 P316 P062 P060 P139 P083 P303,P000 P316 P062 P060 P139 P083 P303,,unicorn III seal,medium,P000 P316 P062 P060 P139 P083 P303,P000 P316 P062 P060 P139 P083 P303,P000 P316 P062 P060 P139 P083 P303,P000 P316 P062 P060 P139 P083 P303,,,RTL,2026-04-22T17:10:09Z,see logs/file_manifest.json
GLOSSA-M-40A,Corpus of Indus Seals and Inscriptions (mayig digitization),Vol.1 (CISI India collections subset),,,M-40A,Mohenjo-daro,DK Area / HR Area,Pakistan,unicorn seal,steatite (assumed; seal corpus),"Mature Harappan (2600–1900 BCE, undifferentiated)",excavated,RTL (conventional),P089 P122 P301 P186 P125,P089 P122 P301 P186 P125,,unicorn III seal,medium,P089 P122 P301 P186 P125,P089 P122 P301 P186 P125,P089 P122 P301 P186 P125,P089 P122 P301 P186 P125,,,RTL,2026-04-22T17:10:09Z,see logs/file_manifest.json
GLOSSA-M-41A,Corpus of Indus Seals and Inscriptions (mayig digitization),Vol.1 (CISI India collections subset),,,M-41A,Mohenjo-daro,DK Area / HR Area,Pakistan,unicorn seal,steatite (assumed; seal corpus),"Mature Harappan (2600–1900 BCE, undifferentiated)",excavated,RTL (conventional),P324 P270 P062 P060 P122 P086 P035 P378,P324 P270 P062 P060 P122 P086 P035 P378,,unicorn III seal,medium,P324 P270 P062 P060 P122 P086 P035 P378,P324 P270 P062 P060 P122 P086 P035 P378,P324 P270 P062 P060 P122 P086 P035 P378,P324 P270 P062 P060 P122 P086 P035 P378,,,RTL,2026-04-22T17:10:09Z,see logs/file_manifest.json
GLOSSA-M-42A,Corpus of Indus Seals and Inscriptions (mayig digitization),Vol.1 (CISI India collections subset),,,M-42A,Mohenjo-daro,DK Area / HR Area,Pakistan,unicorn seal,steatite (assumed; seal corpus),"Mature Harappan (2600–1900 BCE, undifferentiated)",excavated,RTL (conventional),P301 P230 P062 P122 P385,P301 P230 P062 P122 P385,,unicorn III seal,medium,P301 P230 P062 P122 P385,P301 P230 P062 P122 P385,P301 P230 P062 P122 P385,P301 P230 P062 P122 P385,,,RTL,2026-04-22T17:10:09Z,see logs/file_manifest.json
GLOSSA-M-43A,Corpus of Indus Seals and Inscriptions (mayig digitization),Vol.1 (CISI India collections subset),,,M-43A,Mohenjo-daro,DK Area / HR Area,Pakistan,unicorn seal,steatite (assumed; seal corpus),"Mature Harappan (2600–1900 BCE, undifferentiated)",excavated,RTL (conventional),P324 P230 P056 P122 P142 P360,P324 P230 P056 P122 P142 P360,,unicorn III seal,medium,P324 P230 P056 P122 P142 P360,P324 P230 P056 P122 P142 P360,P324 P230 P056 P122 P142 P360,P324 P230 P056 P122 P142 P360,,,RTL,2026-04-22T17:10:09Z,see logs/file_manifest.json
GLOSSA-M-44A,Corpus of Indus Seals and Inscriptions (mayig digitization),Vol.1 (CISI India collections subset),,,M-44A,Mohenjo-daro,DK Area / HR Area,Pakistan,unicorn seal,steatite (assumed; seal corpus),"Mature Harappan (2600–1900 BCE, undifferentiated)",excavated,RTL (conventional),P324 P332 P147 P316 P364 P122 P154 P296,P324 P332 P147 P316 P364 P122 P154 P296,,unicorn III seal,medium,P324 P332 P147 P316 P364 P122 P154 P296,P324 P332 P147 P316 P364 P122 P154 P296,P324 P332 P147 P316 P364 P122 P154 P296,P324 P332 P147 P316 P364 P122 P154 P296,,,RTL,2026-04-22T17:10:09Z,see logs/file_manifest.json
GLOSSA-M-45A,Corpus of Indus Seals and Inscriptions (mayig digitization),Vol.1 (CISI India collections subset),,,M-45A,Mohenjo-daro,DK Area / HR Area,Pakistan,unicorn seal,steatite (assumed; seal corpus),"Mature Harappan (2600–1900 BCE, undifferentiated)",excavated,RTL (conventional),P268 P268 P372 P139 P205 P349 P145,P268 P268 P372 P139 P205 P349 P145,,unicorn III seal,medium,P268 P268 P372 P139 P205 P349 P145,P268 P268 P372 P139 P205 P349 P145,P268 P268 P372 P139 P205 P349 P145,P268 P268 P372 P139 P205 P349 P145,,,RTL,2026-04-22T17:10:09Z,see logs/file_manifest.json
GLOSSA-M-46A,Corpus of Indus Seals and Inscriptions (mayig digitization),Vol.1 (CISI India collections subset),,,M-46A,Mohenjo-daro,DK Area / HR Area,Pakistan,unicorn seal,steatite (assumed; seal corpus),"Mature Harappan (2600–1900 BCE, undifferentiated)",excavated,RTL (conventional),P324 P230 P062 P060 P122 P050 P201 P353,P324 P230 P062 P060 P122 P050 P201 P353,,unicorn III seal,medium,P324 P230 P062 P060 P122 P050 P201 P353,P324 P230 P062 P060 P122 P050 P201 P353,P324 P230 P062 P060 P122 P050 P201 P353,P324 P230 P062 P060 P122 P050 P201 P353,,,RTL,2026-04-22T17:10:09Z,see logs/file_manifest.json
GLOSSA-M-47A,Corpus of Indus Seals and Inscriptions (mayig digitization),Vol.1 (CISI India collections subset),,,M-47A,Mohenjo-daro,DK Area / HR Area,Pakistan,unicorn seal,steatite (assumed; seal corpus),"Mature Harappan (2600–1900 BCE, undifferentiated)",excavated,RTL (conventional),P324 P332 P060 P122 P385,P324 P332 P060 P122 P385,,unicorn III seal,medium,P324 P332 P060 P122 P385,P324 P332 P060 P122 P385,P324 P332 P060 P122 P385,P324 P332 P060 P122 P385,,,RTL,2026-04-22T17:10:09Z,see logs/file_manifest.json
GLOSSA-M-48A,Corpus of Indus Seals and Inscriptions (mayig digitization),Vol.1 (CISI India collections subset),,,M-48A,Mohenjo-daro,DK Area / HR Area,Pakistan,unicorn seal,steatite (assumed; seal corpus),"Mature Harappan (2600–1900 BCE, undifferentiated)",excavated,RTL (conventional),P086 P378 P215 P120 P202 P154,P086 P378 P215 P120 P202 P154,,unicorn III seal,medium,P086 P378 P215 P120 P202 P154,P086 P378 P215 P120 P202 P154,P086 P378 P215 P120 P202 P154,P086 P378 P215 P120 P202 P154,,,RTL,2026-04-22T17:10:09Z,see logs/file_manifest.json
GLOSSA-M-49A,Corpus of Indus Seals and Inscriptions (mayig digitization),Vol.1 (CISI India collections subset),,,M-49A,Mohenjo-daro,DK Area / HR Area,Pakistan,unicorn seal,steatite (assumed; seal corpus),"Mature Harappan (2600–1900 BCE, undifferentiated)",excavated,RTL (conventional),P000 P230 P062 P050 P145 P122 P205 P091 P145 P076,P000 P230 P062 P050 P145 P122 P205 P091 P145 P076,,unicorn III seal,medium,P000 P230 P062 P050 P145 P122 P205 P091 P145 P076,P000 P230 P062 P050 P145 P122 P205 P091 P145 P076,P000 P230 P062 P050 P145 P122 P205 P091 P145 P076,P000 P230 P062 P050 P145 P122 P205 P091 P145 P076,,,RTL,2026-04-22T17:10:09Z,see logs/file_manifest.json
GLOSSA-M-50A,Corpus of Indus Seals and Inscriptions (mayig digitization),Vol.1 (CISI India collections subset),,,M-50A,Mohenjo-daro,DK Area / HR Area,Pakistan,unicorn seal,steatite (assumed; seal corpus),"Mature Harappan (2600–1900 BCE, undifferentiated)",excavated,RTL (conventional),P324 P288 P127 P147 P316 P062 P230 P122 P000,P324 P288 P127 P147 P316 P062 P230 P122 P000,,unicorn III seal,medium,P324 P288 P127 P147 P316 P062 P230 P122 P000,P324 P288 P127 P147 P316 P062 P230 P122 P000,P324 P288 P127 P147 P316 P062 P230 P122 P000,P324 P288 P127 P147 P316 P062 P230 P122 P000,,,RTL,2026-04-22T17:10:09Z,see logs/file_manifest.json
GLOSSA-M-51A,Corpus of Indus Seals and Inscriptions (mayig digitization),Vol.1 (CISI India collections subset),,,M-51A,Mohenjo-daro,DK Area / HR Area,Pakistan,unicorn seal,steatite (assumed; seal corpus),"Mature Harappan (2600–1900 BCE, undifferentiated)",excavated,RTL (conventional),P324 P230 P215 P091 P060 P324 P086 P011,P324 P230 P215 P091 P060 P324 P086 P011,,unicorn III seal,medium,P324 P230 P215 P091 P060 P324 P086 P011,P324 P230 P215 P091 P060 P324 P086 P011,P324 P230 P215 P091 P060 P324 P086 P011,P324 P230 P215 P091 P060 P324 P086 P011,,,RTL,2026-04-22T17:10:09Z,see logs/file_manifest.json
GLOSSA-M-52A,Corpus of Indus Seals and Inscriptions (mayig digitization),Vol.1 (CISI India collections subset),,,M-52A,Mohenjo-daro,DK Area / HR Area,Pakistan,unicorn seal,steatite (assumed; seal corpus),"Mature Harappan (2600–1900 BCE, undifferentiated)",excavated,RTL (conventional),P324 P172 P145 P050 P092 P060 P364 P122 P211 P320,P324 P172 P145 P050 P092 P060 P364 P122 P211 P320,,unicorn III seal,medium,P324 P172 P145 P050 P092 P060 P364 P122 P211 P320,P324 P172 P145 P050 P092 P060 P364 P122 P211 P320,P324 P172 P145 P050 P092 P060 P364 P122 P211 P320,P324 P172 P145 P050 P092 P060 P364 P122 P211 P320,,,RTL,2026-04-22T17:10:09Z,see logs/file_manifest.json
GLOSSA-M-53A,Corpus of Indus Seals and Inscriptions (mayig digitization),Vol.1 (CISI India collections subset),,,M-53A,Mohenjo-daro,DK Area / HR Area,Pakistan,unicorn seal,steatite (assumed; seal corpus),"Mature Harappan (2600–1900 BCE, undifferentiated)",excavated,RTL (conventional),P013 P324 P050 P126 P122 P205 P076 P154 P011,P013 P324 P050 P126 P122 P205 P076 P154 P011,,unicorn III seal,medium,P013 P324 P050 P126 P122 P205 P076 P154 P011,P013 P324 P050 P126 P122 P205 P076 P154 P011,P013 P324 P050 P126 P122 P205 P076 P154 P011,P013 P324 P050 P126 P122 P205 P076 P154 P011,,,RTL,2026-04-22T17:10:09Z,see logs/file_manifest.json
GLOSSA-M-54A,Corpus of Indus Seals and Inscriptions (mayig digitization),Vol.1 (CISI India collections subset),,,M-54A,Mohenjo-daro,DK Area / HR Area,Pakistan,unicorn seal,steatite (assumed; seal corpus),"Mature Harappan (2600–1900 BCE, undifferentiated)",excavated,RTL (conventional),P051 P062 P147 P316 P230 P122 P378,P051 P062 P147 P316 P230 P122 P378,,unicorn III seal,medium,P051 P062 P147 P316 P230 P122 P378,P051 P062 P147 P316 P230 P122 P378,P051 P062 P147 P316 P230 P122 P378,P051 P062 P147 P316 P230 P122 P378,,,RTL,2026-04-22T17:10:09Z,see logs/file_manifest.json
GLOSSA-M-55A,Corpus of Indus Seals and Inscriptions (mayig digitization),Vol.1 (CISI India collections subset),,,M-55A,Mohenjo-daro,DK Area / HR Area,Pakistan,unicorn seal,steatite (assumed; seal corpus),"Mature Harappan (2600–1900 BCE, undifferentiated)",excavated,RTL (conventional),P000 P332 P215 P275 P121 P256,P000 P332 P215 P275 P121 P256,,unicorn III seal,medium,P000 P332 P215 P275 P121 P256,P000 P332 P215 P275 P121 P256,P000 P332 P215 P275 P121 P256,P000 P332 P215 P275 P121 P256,,,RTL,2026-04-22T17:10:09Z,see logs/file_manifest.json
GLOSSA-M-56A,Corpus of Indus Seals and Inscriptions (mayig digitization),Vol.1 (CISI India collections subset),,,M-56A,Mohenjo-daro,DK Area / HR Area,Pakistan,unicorn seal,steatite (assumed; seal corpus),"Mature Harappan (2600–1900 BCE, undifferentiated)",excavated,RTL (conventional),P324 P382 P145 P060 P120 P230 P281 P349,P324 P382 P145 P060 P120 P230 P281 P349,,unicorn III seal,medium,P324 P382 P145 P060 P120 P230 P281 P349,P324 P382 P145 P060 P120 P230 P281 P349,P324 P382 P145 P060 P120 P230 P281 P349,P324 P382 P145 P060 P120 P230 P281 P349,,,RTL,2026-04-22T17:10:09Z,see logs/file_manifest.json
GLOSSA-M-57A,Corpus of Indus Seals and Inscriptions (mayig digitization),Vol.1 (CISI India collections subset),,,M-57A,Mohenjo-daro,DK Area / HR Area,Pakistan,unicorn seal,steatite (assumed; seal corpus),"Mature Harappan (2600–1900 BCE, undifferentiated)",excavated,RTL (conventional),P051 P145 P056 P230 P122 P258,P051 P145 P056 P230 P122 P258,,unicorn III seal,medium,P051 P145 P056 P230 P122 P258,P051 P145 P056 P230 P122 P258,P051 P145 P056 P230 P122 P258,P051 P145 P056 P230 P122 P258,,,RTL,2026-04-22T17:10:09Z,see logs/file_manifest.json
GLOSSA-M-58A,Corpus of Indus Seals and Inscriptions (mayig digitization),Vol.1 (CISI India collections subset),,,M-58A,Mohenjo-daro,DK Area / HR Area,Pakistan,unicorn seal,steatite (assumed; seal corpus),"Mature Harappan (2600–1900 BCE, undifferentiated)",excavated,RTL (conventional),P324 P215 P210 P122 P385,P324 P215 P210 P122 P385,,unicorn III seal,medium,P324 P215 P210 P122 P385,P324 P215 P210 P122 P385,P324 P215 P210 P122 P385,P324 P215 P210 P122 P385,,,RTL,2026-04-22T17:10:09Z,see logs/file_manifest.json
GLOSSA-M-59A,Corpus of Indus Seals and Inscriptions (mayig digitization),Vol.1 (CISI India collections subset),,,M-59A,Mohenjo-daro,DK Area / HR Area,Pakistan,unicorn seal,steatite (assumed; seal corpus),"Mature Harappan (2600–1900 BCE, undifferentiated)",excavated,RTL (conventional),P202 P123 P326 P120 P160,P202 P123 P326 P120 P160,,unicorn III seal,medium,P202 P123 P326 P120 P160,P202 P123 P326 P120 P160,P202 P123 P326 P120 P160,P202 P123 P326 P120 P160,,,RTL,2026-04-22T17:10:09Z,see logs/file_manifest.json
GLOSSA-M-60A,Corpus of Indus Seals and Inscriptions (mayig digitization),Vol.1 (CISI India collections subset),,,M-60A,Mohenjo-daro,DK Area / HR Area,Pakistan,unicorn seal,steatite (assumed; seal corpus),"Mature Harappan (2600–1900 BCE, undifferentiated)",excavated,RTL (conventional),P001 P000,P001 P000,,unicorn III seal,medium,P001 P000,P001 P000,P001 P000,P001 P000,,,RTL,2026-04-22T17:10:09Z,see logs/file_manifest.json
GLOSSA-M-61A,Corpus of Indus Seals and Inscriptions (mayig digitization),Vol.1 (CISI India collections subset),,,M-61A,Mohenjo-daro,DK Area / HR Area,Pakistan,unicorn seal,steatite (assumed; seal corpus),"Mature Harappan (2600–1900 BCE, undifferentiated)",excavated,RTL (conventional),P324 P251 P056 P050 P221 P268 P246,P324 P251 P056 P050 P221 P268 P246,,unicorn III seal,medium,P324 P251 P056 P050 P221 P268 P246,P324 P251 P056 P050 P221 P268 P246,P324 P251 P056 P050 P221 P268 P246,P324 P251 P056 P050 P221 P268 P246,,,RTL,2026-04-22T17:10:09Z,see logs/file_manifest.json
GLOSSA-M-62A,Corpus of Indus Seals and Inscriptions (mayig digitization),Vol.1 (CISI India collections subset),,,M-62A,Mohenjo-daro,DK Area / HR Area,Pakistan,unicorn seal,steatite (assumed; seal corpus),"Mature Harappan (2600–1900 BCE, undifferentiated)",excavated,RTL (conventional),P051 P122 P325 P230 P310 P234,P051 P122 P325 P230 P310 P234,,unicorn III seal,medium,P051 P122 P325 P230 P310 P234,P051 P122 P325 P230 P310 P234,P051 P122 P325 P230 P310 P234,P051 P122 P325 P230 P310 P234,,,RTL,2026-04-22T17:10:09Z,see logs/file_manifest.json
GLOSSA-M-63A,Corpus of Indus Seals and Inscriptions (mayig digitization),Vol.1 (CISI India collections subset),,,M-63A,Mohenjo-daro,DK Area / HR Area,Pakistan,unicorn seal,steatite (assumed; seal corpus),"Mature Harappan (2600–1900 BCE, undifferentiated)",excavated,RTL (conventional),P301 P230 P120 P230,P301 P230 P120 P230,,unicorn III seal,medium,P301 P230 P120 P230,P301 P230 P120 P230,P301 P230 P120 P230,P301 P230 P120 P230,,,RTL,2026-04-22T17:10:09Z,see logs/file_manifest.json
GLOSSA-M-64A,Corpus of Indus Seals and Inscriptions (mayig digitization),Vol.1 (CISI India collections subset),,,M-64A,Mohenjo-daro,DK Area / HR Area,Pakistan,unicorn seal,steatite (assumed; seal corpus),"Mature Harappan (2600–1900 BCE, undifferentiated)",excavated,RTL (conventional),P217 P147 P316 P120 P050 P124,P217 P147 P316 P120 P050 P124,,unicorn III seal,medium,P217 P147 P316 P120 P050 P124,P217 P147 P316 P120 P050 P124,P217 P147 P316 P120 P050 P124,P217 P147 P316 P120 P050 P124,,,RTL,2026-04-22T17:10:09Z,see logs/file_manifest.json
GLOSSA-M-65A,Corpus of Indus Seals and Inscriptions (mayig digitization),Vol.1 (CISI India collections subset),,,M-65A,Mohenjo-daro,DK Area / HR Area,Pakistan,unicorn seal,steatite (assumed; seal corpus),"Mature Harappan (2600–1900 BCE, undifferentiated)",excavated,RTL (conventional),P217 P050 P144 P121 P316 P289,P217 P050 P144 P121 P316 P289,,unicorn III seal,medium,P217 P050 P144 P121 P316 P289,P217 P050 P144 P121 P316 P289,P217 P050 P144 P121 P316 P289,P217 P050 P144 P121 P316 P289,,,RTL,2026-04-22T17:10:09Z,see logs/file_manifest.json
GLOSSA-M-66A,Corpus of Indus Seals and Inscriptions (mayig digitization),Vol.1 (CISI India collections subset),,,M-66A,Mohenjo-daro,DK Area / HR Area,Pakistan,unicorn seal,steatite (assumed; seal corpus),"Mature Harappan (2600–1900 BCE, undifferentiated)",excavated,RTL (conventional),P086 P276 P060 P122 P103 P206 P091 P324,P086 P276 P060 P122 P103 P206 P091 P324,,unicorn III seal,medium,P086 P276 P060 P122 P103 P206 P091 P324,P086 P276 P060 P122 P103 P206 P091 P324,P086 P276 P060 P122 P103 P206 P091 P324,P086 P276 P060 P122 P103 P206 P091 P324,,,RTL,2026-04-22T17:10:09Z,see logs/file_manifest.json
GLOSSA-M-67A,Corpus of Indus Seals and Inscriptions (mayig digitization),Vol.1 (CISI India collections subset),,,M-67A,Mohenjo-daro,DK Area / HR Area,Pakistan,unicorn seal,steatite (assumed; seal corpus),"Mature Harappan (2600–1900 BCE, undifferentiated)",excavated,RTL (conventional),P324 P342 P154 P120 P040 P289 P223,P324 P342 P154 P120 P040 P289 P223,,unicorn III seal,medium,P324 P342 P154 P120 P040 P289 P223,P324 P342 P154 P120 P040 P289 P223,P324 P342 P154 P120 P040 P289 P223,P324 P342 P154 P120 P040 P289 P223,,,RTL,2026-04-22T17:10:09Z,see logs/file_manifest.json
GLOSSA-M-68A,Corpus of Indus Seals and Inscriptions (mayig digitization),Vol.1 (CISI India collections subset),,,M-68A,Mohenjo-daro,DK Area / HR Area,Pakistan,unicorn seal,steatite (assumed; seal corpus),"Mature Harappan (2600–1900 BCE, undifferentiated)",excavated,RTL (conventional),P013 P324 P194 P326 P120 P160 P260 P047,P013 P324 P194 P326 P120 P160 P260 P047,,unicorn III seal,medium,P013 P324 P194 P326 P120 P160 P260 P047,P013 P324 P194 P326 P120 P160 P260 P047,P013 P324 P194 P326 P120 P160 P260 P047,P013 P324 P194 P326 P120 P160 P260 P047,,,RTL,2026-04-22T17:10:09Z,see logs/file_manifest.json
GLOSSA-M-69A,Corpus of Indus Seals and Inscriptions (mayig digitization),Vol.1 (CISI India collections subset),,,M-69A,Mohenjo-daro,DK Area / HR Area,Pakistan,unicorn seal,steatite (assumed; seal corpus),"Mature Harappan (2600–1900 BCE, undifferentiated)",excavated,RTL (conventional),P324 P364 P056 P120 P256,P324 P364 P056 P120 P256,,unicorn III seal,medium,P324 P364 P056 P120 P256,P324 P364 P056 P120 P256,P324 P364 P056 P120 P256,P324 P364 P056 P120 P256,,,RTL,2026-04-22T17:10:09Z,see logs/file_manifest.json
GLOSSA-M-70A,Corpus of Indus Seals and Inscriptions (mayig digitization),Vol.1 (CISI India collections subset),,,M-70A,Mohenjo-daro,DK Area / HR Area,Pakistan,unicorn seal,steatite (assumed; seal corpus),"Mature Harappan (2600–1900 BCE, undifferentiated)",excavated,RTL (conventional),P051 P145 P122 P086 P256,P051 P145 P122 P086 P256,,unicorn III seal,medium,P051 P145 P122 P086 P256,P051 P145 P122 P086 P256,P051 P145 P122 P086 P256,P051 P145 P122 P086 P256,,,RTL,2026-04-22T17:10:09Z,see logs/file_manifest.json
GLOSSA-M-71A,Corpus of Indus Seals and Inscriptions (mayig digitization),Vol.1 (CISI India collections subset),,,M-71A,Mohenjo-daro,DK Area / HR Area,Pakistan,unicorn seal,steatite (assumed; seal corpus),"Mature Harappan (2600–1900 BCE, undifferentiated)",excavated,RTL (conventional),P001 P108 P031 P122 P086 P023,P001 P108 P031 P122 P086 P023,,unicorn III seal,medium,P001 P108 P031 P122 P086 P023,P001 P108 P031 P122 P086 P023,P001 P108 P031 P122 P086 P023,P001 P108 P031 P122 P086 P023,,,RTL,2026-04-22T17:10:09Z,see logs/file_manifest.json
GLOSSA-M-72A,Corpus of Indus Seals and Inscriptions (mayig digitization),Vol.1 (CISI India collections subset),,,M-72A,Mohenjo-daro,DK Area / HR Area,Pakistan,unicorn seal,steatite (assumed; seal corpus),"Mature Harappan (2600–1900 BCE, undifferentiated)",excavated,RTL (conventional),P324 P073 P316 P011 P125 P385,P324 P073 P316 P011 P125 P385,,unicorn III seal,medium,P324 P073 P316 P011 P125 P385,P324 P073 P316 P011 P125 P385,P324 P073 P316 P011 P125 P385,P324 P073 P316 P011 P125 P385,,,RTL,2026-04-22T17:10:09Z,see logs/file_manifest.json
GLOSSA-M-73A,Corpus of Indus Seals and Inscriptions (mayig digitization),Vol.1 (CISI India collections subset),,,M-73A,Mohenjo-daro,DK Area / HR Area,Pakistan,unicorn seal,steatite (assumed; seal corpus),"Mature Harappan (2600–1900 BCE, undifferentiated)",excavated,RTL (conventional),P098 P217 P181 P000,P098 P217 P181 P000,,unicorn III seal,medium,P098 P217 P181 P000,P098 P217 P181 P000,P098 P217 P181 P000,P098 P217 P181 P000,,,RTL,2026-04-22T17:10:09Z,see logs/file_manifest.json
GLOSSA-M-74A,Corpus of Indus Seals and Inscriptions (mayig digitization),Vol.1 (CISI India collections subset),,,M-74A,Mohenjo-daro,DK Area / HR Area,Pakistan,unicorn seal,steatite (assumed; seal corpus),"Mature Harappan (2600–1900 BCE, undifferentiated)",excavated,RTL (conventional),P280 P289 P316 P011,P280 P289 P316 P011,,unicorn III seal,medium,P280 P289 P316 P011,P280 P289 P316 P011,P280 P289 P316 P011,P280 P289 P316 P011,,,RTL,2026-04-22T17:10:09Z,see logs/file_manifest.json
GLOSSA-M-75A,Corpus of Indus Seals and Inscriptions (mayig digitization),Vol.1 (CISI India collections subset),,,M-75A,Mohenjo-daro,DK Area / HR Area,Pakistan,unicorn seal,steatite (assumed; seal corpus),"Mature Harappan (2600–1900 BCE, undifferentiated)",excavated,RTL (conventional),P217 P050 P124 P122 P385,P217 P050 P124 P122 P385,,unicorn III seal,medium,P217 P050 P124 P122 P385,P217 P050 P124 P122 P385,P217 P050 P124 P122 P385,P217 P050 P124 P122 P385,,,RTL,2026-04-22T17:10:09Z,see logs/file_manifest.json
GLOSSA-M-77A,Corpus of Indus Seals and Inscriptions (mayig digitization),Vol.1 (CISI India collections subset),,,M-77A,Mohenjo-daro,DK Area / HR Area,Pakistan,unicorn seal,steatite (assumed; seal corpus),"Mature Harappan (2600–1900 BCE, undifferentiated)",excavated,RTL (conventional),P366 P086 P364 P122 P385,P366 P086 P364 P122 P385,,unicorn IV seal,medium,P366 P086 P364 P122 P385,P366 P086 P364 P122 P385,P366 P086 P364 P122 P385,P366 P086 P364 P122 P385,,,RTL,2026-04-22T17:10:09Z,see logs/file_manifest.json
GLOSSA-M-78A,Corpus of Indus Seals and Inscriptions (mayig digitization),Vol.1 (CISI India collections subset),,,M-78A,Mohenjo-daro,DK Area / HR Area,Pakistan,unicorn seal,steatite (assumed; seal corpus),"Mature Harappan (2600–1900 BCE, undifferentiated)",excavated,RTL (conventional),P324 P043 P145 P226,P324 P043 P145 P226,,unicorn IV seal,medium,P324 P043 P145 P226,P324 P043 P145 P226,P324 P043 P145 P226,P324 P043 P145 P226,,,RTL,2026-04-22T17:10:09Z,see logs/file_manifest.json
GLOSSA-M-79A,Corpus of Indus Seals and Inscriptions (mayig digitization),Vol.1 (CISI India collections subset),,,M-79A,Mohenjo-daro,DK Area / HR Area,Pakistan,unicorn seal,steatite (assumed; seal corpus),"Mature Harappan (2600–1900 BCE, undifferentiated)",excavated,RTL (conventional),P324 P012 P062 P058 P122 P385 P247,P324 P012 P062 P058 P122 P385 P247,,unicorn IV seal,medium,P324 P012 P062 P058 P122 P385 P247,P324 P012 P062 P058 P122 P385 P247,P324 P012 P062 P058 P122 P385 P247,P324 P012 P062 P058 P122 P385 P247,,,RTL,2026-04-22T17:10:09Z,see logs/file_manifest.json
GLOSSA-M-80A,Corpus of Indus Seals and Inscriptions (mayig digitization),Vol.1 (CISI India collections subset),,,M-80A,Mohenjo-daro,DK Area / HR Area,Pakistan,unicorn seal,steatite (assumed; seal corpus),"Mature Harappan (2600–1900 BCE, undifferentiated)",excavated,RTL (conventional),P004 P123 P120 P202 P385,P004 P123 P120 P202 P385,,unicorn IV seal,medium,P004 P123 P120 P202 P385,P004 P123 P120 P202 P385,P004 P123 P120 P202 P385,P004 P123 P120 P202 P385,,,RTL,2026-04-22T17:10:09Z,see logs/file_manifest.json
GLOSSA-M-81A,Corpus of Indus Seals and Inscriptions (mayig digitization),Vol.1 (CISI India collections subset),,,M-81A,Mohenjo-daro,DK Area / HR Area,Pakistan,unicorn seal,steatite (assumed; seal corpus),"Mature Harappan (2600–1900 BCE, undifferentiated)",excavated,RTL (conventional),P301 P230 P062 P122 P268 P268 P217,P301 P230 P062 P122 P268 P268 P217,,unicorn IV seal,medium,P301 P230 P062 P122 P268 P268 P217,P301 P230 P062 P122 P268 P268 P217,P301 P230 P062 P122 P268 P268 P217,P301 P230 P062 P122 P268 P268 P217,,,RTL,2026-04-22T17:10:09Z,see logs/file_manifest.json
GLOSSA-M-82A,Corpus of Indus Seals and Inscriptions (mayig digitization),Vol.1 (CISI India collections subset),,,M-82A,Mohenjo-daro,DK Area / HR Area,Pakistan,unicorn seal,steatite (assumed; seal corpus),"Mature Harappan (2600–1900 BCE, undifferentiated)",excavated,RTL (conventional),P324 P053 P122 P082 P230 P086,P324 P053 P122 P082 P230 P086,,unicorn IV seal,medium,P324 P053 P122 P082 P230 P086,P324 P053 P122 P082 P230 P086,P324 P053 P122 P082 P230 P086,P324 P053 P122 P082 P230 P086,,,RTL,2026-04-22T17:10:09Z,see logs/file_manifest.json
GLOSSA-M-83A,Corpus of Indus Seals and Inscriptions (mayig digitization),Vol.1 (CISI India collections subset),,,M-83A,Mohenjo-daro,DK Area / HR Area,Pakistan,unicorn seal,steatite (assumed; seal corpus),"Mature Harappan (2600–1900 BCE, undifferentiated)",excavated,RTL (conventional),P086 P128 P180,P086 P128 P180,,unicorn IV seal,medium,P086 P128 P180,P086 P128 P180,P086 P128 P180,P086 P128 P180,,,RTL,2026-04-22T17:10:09Z,see logs/file_manifest.json
GLOSSA-M-84A,Corpus of Indus Seals and Inscriptions (mayig digitization),Vol.1 (CISI India collections subset),,,M-84A,Mohenjo-daro,DK Area / HR Area,Pakistan,unicorn seal,steatite (assumed; seal corpus),"Mature Harappan (2600–1900 BCE, undifferentiated)",excavated,RTL (conventional),P324 P335 P062 P121 P202 P154,P324 P335 P062 P121 P202 P154,,unicorn IV seal,medium,P324 P335 P062 P121 P202 P154,P324 P335 P062 P121 P202 P154,P324 P335 P062 P121 P202 P154,P324 P335 P062 P121 P202 P154,,,RTL,2026-04-22T17:10:09Z,see logs/file_manifest.json
GLOSSA-M-85A,Corpus of Indus Seals and Inscriptions (mayig digitization),Vol.1 (CISI India collections subset),,,M-85A,Mohenjo-daro,DK Area / HR Area,Pakistan,unicorn seal,steatite (assumed; seal corpus),"Mature Harappan (2600–1900 BCE, undifferentiated)",excavated,RTL (conventional),P217 P058 P325 P251 P070,P217 P058 P325 P251 P070,,unicorn IV seal,medium,P217 P058 P325 P251 P070,P217 P058 P325 P251 P070,P217 P058 P325 P251 P070,P217 P058 P325 P251 P070,,,RTL,2026-04-22T17:10:09Z,see logs/file_manifest.json
GLOSSA-M-86A,Corpus of Indus Seals and Inscriptions (mayig digitization),Vol.1 (CISI India collections subset),,,M-86A,Mohenjo-daro,DK Area / HR Area,Pakistan,unicorn seal,steatite (assumed; seal corpus),"Mature Harappan (2600–1900 BCE, undifferentiated)",excavated,RTL (conventional),P217 P147 P316 P056 P122 P378 P310,P217 P147 P316 P056 P122 P378 P310,,unicorn IV seal,medium,P217 P147 P316 P056 P122 P378 P310,P217 P147 P316 P056 P122 P378 P310,P217 P147 P316 P056 P122 P378 P310,P217 P147 P316 P056 P122 P378 P310,,,RTL,2026-04-22T17:10:09Z,see logs/file_manifest.json
GLOSSA-M-87A,Corpus of Indus Seals and Inscriptions (mayig digitization),Vol.1 (CISI India collections subset),,,M-87A,Mohenjo-daro,DK Area / HR Area,Pakistan,unicorn seal,steatite (assumed; seal corpus),"Mature Harappan (2600–1900 BCE, undifferentiated)",excavated,RTL (conventional),P098 P178 P020,P098 P178 P020,,unicorn IV seal,medium,P098 P178 P020,P098 P178 P020,P098 P178 P020,P098 P178 P020,,,RTL,2026-04-22T17:10:09Z,see logs/file_manifest.json
GLOSSA-M-88A,Corpus of Indus Seals and Inscriptions (mayig digitization),Vol.1 (CISI India collections subset),,,M-88A,Mohenjo-daro,DK Area / HR Area,Pakistan,unicorn seal,steatite (assumed; seal corpus),"Mature Harappan (2600–1900 BCE, undifferentiated)",excavated,RTL (conventional),P301 P110 P058,P301 P110 P058,,unicorn IV seal,medium,P301 P110 P058,P301 P110 P058,P301 P110 P058,P301 P110 P058,,,RTL,2026-04-22T17:10:09Z,see logs/file_manifest.json
GLOSSA-M-89A,Corpus of Indus Seals and Inscriptions (mayig digitization),Vol.1 (CISI India collections subset),,,M-89A,Mohenjo-daro,DK Area / HR Area,Pakistan,unicorn seal,steatite (assumed; seal corpus),"Mature Harappan (2600–1900 BCE, undifferentiated)",excavated,RTL (conventional),P324 P358 P313 P145 P060,P324 P358 P313 P145 P060,,unicorn IV seal,medium,P324 P358 P313 P145 P060,P324 P358 P313 P145 P060,P324 P358 P313 P145 P060,P324 P358 P313 P145 P060,,,RTL,2026-04-22T17:10:09Z,see logs/file_manifest.json
GLOSSA-M-90A,Corpus of Indus Seals and Inscriptions (mayig digitization),Vol.1 (CISI India collections subset),,,M-90A,Mohenjo-daro,DK Area / HR Area,Pakistan,unicorn seal,steatite (assumed; seal corpus),"Mature Harappan (2600–1900 BCE, undifferentiated)",excavated,RTL (conventional),P324 P349 P139 P144 P122 P385,P324 P349 P139 P144 P122 P385,,unicorn IV seal,medium,P324 P349 P139 P144 P122 P385,P324 P349 P139 P144 P122 P385,P324 P349 P139 P144 P122 P385,P324 P349 P139 P144 P122 P385,,,RTL,2026-04-22T17:10:09Z,see logs/file_manifest.json
GLOSSA-M-91A,Corpus of Indus Seals and Inscriptions (mayig digitization),Vol.1 (CISI India collections subset),,,M-91A,Mohenjo-daro,DK Area / HR Area,Pakistan,unicorn seal,steatite (assumed; seal corpus),"Mature Harappan (2600–1900 BCE, undifferentiated)",excavated,RTL (conventional),P324 P009 P230 P050 P145 P122 P385 P073 P095,P324 P009 P230 P050 P145 P122 P385 P073 P095,,unicorn IV seal,medium,P324 P009 P230 P050 P145 P122 P385 P073 P095,P324 P009 P230 P050 P145 P122 P385 P073 P095,P324 P009 P230 P050 P145 P122 P385 P073 P095,P324 P009 P230 P050 P145 P122 P385 P073 P095,,,RTL,2026-04-22T17:10:09Z,see logs/file_manifest.json
GLOSSA-M-92A,Corpus of Indus Seals and Inscriptions (mayig digitization),Vol.1 (CISI India collections subset),,,M-92A,Mohenjo-daro,DK Area / HR Area,Pakistan,unicorn seal,steatite (assumed; seal corpus),"Mature Harappan (2600–1900 BCE, undifferentiated)",excavated,RTL (conventional),P324 P075 P215 P091 P122 P369 P253,P324 P075 P215 P091 P122 P369 P253,,unicorn IV seal,medium,P324 P075 P215 P091 P122 P369 P253,P324 P075 P215 P091 P122 P369 P253,P324 P075 P215 P091 P122 P369 P253,P324 P075 P215 P091 P122 P369 P253,,,RTL,2026-04-22T17:10:09Z,see logs/file_manifest.json
GLOSSA-M-93A,Corpus of Indus Seals and Inscriptions (mayig digitization),Vol.1 (CISI India collections subset),,,M-93A,Mohenjo-daro,DK Area / HR Area,Pakistan,unicorn seal,steatite (assumed; seal corpus),"Mature Harappan (2600–1900 BCE, undifferentiated)",excavated,RTL (conventional),P004 P123 P062 P325 P043,P004 P123 P062 P325 P043,,unicorn IV seal,medium,P004 P123 P062 P325 P043,P004 P123 P062 P325 P043,P004 P123 P062 P325 P043,P004 P123 P062 P325 P043,,,RTL,2026-04-22T17:10:09Z,see logs/file_manifest.json
GLOSSA-M-94A,Corpus of Indus Seals and Inscriptions (mayig digitization),Vol.1 (CISI India collections subset),,,M-94A,Mohenjo-daro,DK Area / HR Area,Pakistan,unicorn seal,steatite (assumed; seal corpus),"Mature Harappan (2600–1900 BCE, undifferentiated)",excavated,RTL (conventional),P324 P086 P276 P050 P123,P324 P086 P276 P050 P123,,unicorn IV seal,medium,P324 P086 P276 P050 P123,P324 P086 P276 P050 P123,P324 P086 P276 P050 P123,P324 P086 P276 P050 P123,,,RTL,2026-04-22T17:10:09Z,see logs/file_manifest.json
GLOSSA-M-95A,Corpus of Indus Seals and Inscriptions (mayig digitization),Vol.1 (CISI India collections subset),,,M-95A,Mohenjo-daro,DK Area / HR Area,Pakistan,unicorn seal,steatite (assumed; seal corpus),"Mature Harappan (2600–1900 BCE, undifferentiated)",excavated,RTL (conventional),P086 P123 P122 P040 P342,P086 P123 P122 P040 P342,,unicorn IV seal,medium,P086 P123 P122 P040 P342,P086 P123 P122 P040 P342,P086 P123 P122 P040 P342,P086 P123 P122 P040 P342,,,RTL,2026-04-22T17:10:09Z,see logs/file_manifest.json
GLOSSA-M-96A,Corpus of Indus Seals and Inscriptions (mayig digitization),Vol.1 (CISI India collections subset),,,M-96A,Mohenjo-daro,DK Area / HR Area,Pakistan,unicorn seal,steatite (assumed; seal corpus),"Mature Harappan (2600–1900 BCE, undifferentiated)",excavated,RTL (conventional),P004 P124,P004 P124,,unicorn IV seal,medium,P004 P124,P004 P124,P004 P124,P004 P124,,,RTL,2026-04-22T17:10:09Z,see logs/file_manifest.json
GLOSSA-M-97A,Corpus of Indus Seals and Inscriptions (mayig digitization),Vol.1 (CISI India collections subset),,,M-97A,Mohenjo-daro,DK Area / HR Area,Pakistan,unicorn seal,steatite (assumed; seal corpus),"Mature Harappan (2600–1900 BCE, undifferentiated)",excavated,RTL (conventional),P004 P188 P073,P004 P188 P073,,unicorn IV seal,medium,P004 P188 P073,P004 P188 P073,P004 P188 P073,P004 P188 P073,,,RTL,2026-04-22T17:10:09Z,see logs/file_manifest.json
GLOSSA-M-98A,Corpus of Indus Seals and Inscriptions (mayig digitization),Vol.1 (CISI India collections subset),,,M-98A,Mohenjo-daro,DK Area / HR Area,Pakistan,unicorn seal,steatite (assumed; seal corpus),"Mature Harappan (2600–1900 BCE, undifferentiated)",excavated,RTL (conventional),P324 P288 P127,P324 P288 P127,,unicorn IV seal,medium,P324 P288 P127,P324 P288 P127,P324 P288 P127,P324 P288 P127,,,RTL,2026-04-22T17:10:09Z,see logs/file_manifest.json
GLOSSA-M-99A,Corpus of Indus Seals and Inscriptions (mayig digitization),Vol.1 (CISI India collections subset),,,M-99A,Mohenjo-daro,DK Area / HR Area,Pakistan,unicorn seal,steatite (assumed; seal corpus),"Mature Harappan (2600–1900 BCE, undifferentiated)",excavated,RTL (conventional),P324 P353 P122 P202 P038,P324 P353 P122 P202 P038,,unicorn IV seal,medium,P324 P353 P122 P202 P038,P324 P353 P122 P202 P038,P324 P353 P122 P202 P038,P324 P353 P122 P202 P038,,,RTL,2026-04-22T17:10:09Z,see logs/file_manifest.json
GLOSSA-M-100A,Corpus of Indus Seals and Inscriptions (mayig digitization),Vol.1 (CISI India collections subset),,,M-100A,Mohenjo-daro,DK Area / HR Area,Pakistan,unicorn seal,steatite (assumed; seal corpus),"Mature Harappan (2600–1900 BCE, undifferentiated)",excavated,RTL (conventional),P013 P324 P073 P316 P122 P385,P013 P324 P073 P316 P122 P385,,unicorn IV seal,medium,P013 P324 P073 P316 P122 P385,P013 P324 P073 P316 P122 P385,P013 P324 P073 P316 P122 P385,P013 P324 P073 P316 P122 P385,,,RTL,2026-04-22T17:10:09Z,see logs/file_manifest.json
GLOSSA-M-101A,Corpus of Indus Seals and Inscriptions (mayig digitization),Vol.1 (CISI India collections subset),,,M-101A,Mohenjo-daro,DK Area / HR Area,Pakistan,unicorn seal,steatite (assumed; seal corpus),"Mature Harappan (2600–1900 BCE, undifferentiated)",excavated,RTL (conventional),P086 P210 P324 P003 P122 P385,P086 P210 P324 P003 P122 P385,,unicorn IV seal,medium,P086 P210 P324 P003 P122 P385,P086 P210 P324 P003 P122 P385,P086 P210 P324 P003 P122 P385,P086 P210 P324 P003 P122 P385,,,RTL,2026-04-22T17:10:09Z,see logs/file_manifest.json
GLOSSA-M-102A,Corpus of Indus Seals and Inscriptions (mayig digitization),Vol.1 (CISI India collections subset),,,M-102A,Mohenjo-daro,DK Area / HR Area,Pakistan,unicorn seal,steatite (assumed; seal corpus),"Mature Harappan (2600–1900 BCE, undifferentiated)",excavated,RTL (conventional),P004 P123 P154 P226,P004 P123 P154 P226,,unicorn IV seal,medium,P004 P123 P154 P226,P004 P123 P154 P226,P004 P123 P154 P226,P004 P123 P154 P226,,,RTL,2026-04-22T17:10:09Z,see logs/file_manifest.json
GLOSSA-M-103A,Corpus of Indus Seals and Inscriptions (mayig digitization),Vol.1 (CISI India collections subset),,,M-103A,Mohenjo-daro,DK Area / HR Area,Pakistan,unicorn seal,steatite (assumed; seal corpus),"Mature Harappan (2600–1900 BCE, undifferentiated)",excavated,RTL (conventional),P086 P124 P122 P378,P086 P124 P122 P378,,unicorn IV seal,medium,P086 P124 P122 P378,P086 P124 P122 P378,P086 P124 P122 P378,P086 P124 P122 P378,,,RTL,2026-04-22T17:10:09Z,see logs/file_manifest.json
GLOSSA-M-104A,Corpus of Indus Seals and Inscriptions (mayig digitization),Vol.1 (CISI India collections subset),,,M-104A,Mohenjo-daro,DK Area / HR Area,Pakistan,unicorn seal,steatite (assumed; seal corpus),"Mature Harappan (2600–1900 BCE, undifferentiated)",excavated,RTL (conventional),P013 P324 P050 P060 P359,P013 P324 P050 P060 P359,,unicorn IV seal,medium,P013 P324 P050 P060 P359,P013 P324 P050 P060 P359,P013 P324 P050 P060 P359,P013 P324 P050 P060 P359,,,RTL,2026-04-22T17:10:09Z,see logs/file_manifest.json
GLOSSA-M-105A,Corpus of Indus Seals and Inscriptions (mayig digitization),Vol.1 (CISI India collections subset),,,M-105A,Mohenjo-daro,DK Area / HR Area,Pakistan,unicorn seal,steatite (assumed; seal corpus),"Mature Harappan (2600–1900 BCE, undifferentiated)",excavated,RTL (conventional),P324 P324 P364 P056 P326 P120 P154,P324 P324 P364 P056 P326 P120 P154,,unicorn IV seal,medium,P324 P324 P364 P056 P326 P120 P154,P324 P324 P364 P056 P326 P120 P154,P324 P324 P364 P056 P326 P120 P154,P324 P324 P364 P056 P326 P120 P154,,,RTL,2026-04-22T17:10:09Z,see logs/file_manifest.json
GLOSSA-M-106A,Corpus of Indus Seals and Inscriptions (mayig digitization),Vol.1 (CISI India collections subset),,,M-106A,Mohenjo-daro,DK Area / HR Area,Pakistan,unicorn seal,steatite (assumed; seal corpus),"Mature Harappan (2600–1900 BCE, undifferentiated)",excavated,RTL (conventional),P324 P332 P000,P324 P332 P000,,unicorn IV seal,medium,P324 P332 P000,P324 P332 P000,P324 P332 P000,P324 P332 P000,,,RTL,2026-04-22T17:10:09Z,see logs/file_manifest.json
GLOSSA-M-107A,Corpus of Indus Seals and Inscriptions (mayig digitization),Vol.1 (CISI India collections subset),,,M-107A,Mohenjo-daro,DK Area / HR Area,Pakistan,unicorn seal,steatite (assumed; seal corpus),"Mature Harappan (2600–1900 BCE, undifferentiated)",excavated,RTL (conventional),P324 P238 P058 P122 P054 P071,P324 P238 P058 P122 P054 P071,,unicorn IV seal,medium,P324 P238 P058 P122 P054 P071,P324 P238 P058 P122 P054 P071,P324 P238 P058 P122 P054 P071,P324 P238 P058 P122 P054 P071,,,RTL,2026-04-22T17:10:09Z,see logs/file_manifest.json
GLOSSA-M-108A,Corpus of Indus Seals and Inscriptions (mayig digitization),Vol.1 (CISI India collections subset),,,M-108A,Mohenjo-daro,DK Area / HR Area,Pakistan,unicorn seal,steatite (assumed; seal corpus),"Mature Harappan (2600–1900 BCE, undifferentiated)",excavated,RTL (conventional),P099 P378 P050 P201 P075 P230 P378,P099 P378 P050 P201 P075 P230 P378,,unicorn IV seal,medium,P099 P378 P050 P201 P075 P230 P378,P099 P378 P050 P201 P075 P230 P378,P099 P378 P050 P201 P075 P230 P378,P099 P378 P050 P201 P075 P230 P378,,,RTL,2026-04-22T17:10:09Z,see logs/file_manifest.json
GLOSSA-M-109A,Corpus of Indus Seals and Inscriptions (mayig digitization),Vol.1 (CISI India collections subset),,,M-109A,Mohenjo-daro,DK Area / HR Area,Pakistan,unicorn seal,steatite (assumed; seal corpus),"Mature Harappan (2600–1900 BCE, undifferentiated)",excavated,RTL (conventional),P324 P381 P050 P092 P122 P084 P011,P324 P381 P050 P092 P122 P084 P011,,unicorn IV seal,medium,P324 P381 P050 P092 P122 P084 P011,P324 P381 P050 P092 P122 P084 P011,P324 P381 P050 P092 P122 P084 P011,P324 P381 P050 P092 P122 P084 P011,,,RTL,2026-04-22T17:10:09Z,see logs/file_manifest.json
GLOSSA-M-110A,Corpus of Indus Seals and Inscriptions (mayig digitization),Vol.1 (CISI India collections subset),,,M-110A,Mohenjo-daro,DK Area / HR Area,Pakistan,unicorn seal,steatite (assumed; seal corpus),"Mature Harappan (2600–1900 BCE, undifferentiated)",excavated,RTL (conventional),P000 P122 P385,P000 P122 P385,,unicorn IV seal,medium,P000 P122 P385,P000 P122 P385,P000 P122 P385,P000 P122 P385,,,RTL,2026-04-22T17:10:09Z,see logs/file_manifest.json
GLOSSA-M-111A,Corpus of Indus Seals and Inscriptions (mayig digitization),Vol.1 (CISI India collections subset),,,M-111A,Mohenjo-daro,DK Area / HR Area,Pakistan,unicorn seal,steatite (assumed; seal corpus),"Mature Harappan (2600–1900 BCE, undifferentiated)",excavated,RTL (conventional),P324 P160 P303 P058 P121 P378 P378,P324 P160 P303 P058 P121 P378 P378,,unicorn IV seal,medium,P324 P160 P303 P058 P121 P378 P378,P324 P160 P303 P058 P121 P378 P378,P324 P160 P303 P058 P121 P378 P378,P324 P160 P303 P058 P121 P378 P378,,,RTL,2026-04-22T17:10:09Z,see logs/file_manifest.json
GLOSSA-M-112A,Corpus of Indus Seals and Inscriptions (mayig digitization),Vol.1 (CISI India collections subset),,,M-112A,Mohenjo-daro,DK Area / HR Area,Pakistan,unicorn seal,steatite (assumed; seal corpus),"Mature Harappan (2600–1900 BCE, undifferentiated)",excavated,RTL (conventional),P324 P332 P056 P126 P111 P325 P285 P254,P324 P332 P056 P126 P111 P325 P285 P254,,unicorn IV seal,medium,P324 P332 P056 P126 P111 P325 P285 P254,P324 P332 P056 P126 P111 P325 P285 P254,P324 P332 P056 P126 P111 P325 P285 P254,P324 P332 P056 P126 P111 P325 P285 P254,,,RTL,2026-04-22T17:10:09Z,see logs/file_manifest.json
GLOSSA-M-113A,Corpus of Indus Seals and Inscriptions (mayig digitization),Vol.1 (CISI India collections subset),,,M-113A,Mohenjo-daro,DK Area / HR Area,Pakistan,unicorn seal,steatite (assumed; seal corpus),"Mature Harappan (2600–1900 BCE, undifferentiated)",excavated,RTL (conventional),P324 P145 P349 P325 P120 P156,P324 P145 P349 P325 P120 P156,,unicorn IV seal,medium,P324 P145 P349 P325 P120 P156,P324 P145 P349 P325 P120 P156,P324 P145 P349 P325 P120 P156,P324 P145 P349 P325 P120 P156,,,RTL,2026-04-22T17:10:09Z,see logs/file_manifest.json
GLOSSA-M-114A,Corpus of Indus Seals and Inscriptions (mayig digitization),Vol.1 (CISI India collections subset),,,M-114A,Mohenjo-daro,DK Area / HR Area,Pakistan,unicorn seal,steatite (assumed; seal corpus),"Mature Harappan (2600–1900 BCE, undifferentiated)",excavated,RTL (conventional),P324 P332 P283 P122 P205 P095,P324 P332 P283 P122 P205 P095,,unicorn IV seal,medium,P324 P332 P283 P122 P205 P095,P324 P332 P283 P122 P205 P095,P324 P332 P283 P122 P205 P095,P324 P332 P283 P122 P205 P095,,,RTL,2026-04-22T17:10:09Z,see logs/file_manifest.json
GLOSSA-M-115A,Corpus of Indus Seals and Inscriptions (mayig digitization),Vol.1 (CISI India collections subset),,,M-115A,Mohenjo-daro,DK Area / HR Area,Pakistan,unicorn seal,steatite (assumed; seal corpus),"Mature Harappan (2600–1900 BCE, undifferentiated)",excavated,RTL (conventional),P086 P352 P011 P194 P364 P122 P205 P076,P086 P352 P011 P194 P364 P122 P205 P076,,unicorn IV seal,medium,P086 P352 P011 P194 P364 P122 P205 P076,P086 P352 P011 P194 P364 P122 P205 P076,P086 P352 P011 P194 P364 P122 P205 P076,P086 P352 P011 P194 P364 P122 P205 P076,,,RTL,2026-04-22T17:10:09Z,see logs/file_manifest.json
GLOSSA-M-116A,Corpus of Indus Seals and Inscriptions (mayig digitization),Vol.1 (CISI India collections subset),,,M-116A,Mohenjo-daro,DK Area / HR Area,Pakistan,unicorn seal,steatite (assumed; seal corpus),"Mature Harappan (2600–1900 BCE, undifferentiated)",excavated,RTL (conventional),P324 P009 P194 P349 P139 P122 P385,P324 P009 P194 P349 P139 P122 P385,,unicorn IV seal,medium,P324 P009 P194 P349 P139 P122 P385,P324 P009 P194 P349 P139 P122 P385,P324 P009 P194 P349 P139 P122 P385,P324 P009 P194 P349 P139 P122 P385,,,RTL,2026-04-22T17:10:09Z,see logs/file_manifest.json
GLOSSA-M-117A,Corpus of Indus Seals and Inscriptions (mayig digitization),Vol.1 (CISI India collections subset),,,M-117A,Mohenjo-daro,DK Area / HR Area,Pakistan,unicorn seal,steatite (assumed; seal corpus),"Mature Harappan (2600–1900 BCE, undifferentiated)",excavated,RTL (conventional),P217 P147 P316 P050 P364 P142 P122 P378,P217 P147 P316 P050 P364 P142 P122 P378,,unicorn IV seal,medium,P217 P147 P316 P050 P364 P142 P122 P378,P217 P147 P316 P050 P364 P142 P122 P378,P217 P147 P316 P050 P364 P142 P122 P378,P217 P147 P316 P050 P364 P142 P122 P378,,,RTL,2026-04-22T17:10:09Z,see logs/file_manifest.json
GLOSSA-M-118A,Corpus of Indus Seals and Inscriptions (mayig digitization),Vol.1 (CISI India collections subset),,,M-118A,Mohenjo-daro,DK Area / HR Area,Pakistan,unicorn seal,steatite (assumed; seal corpus),"Mature Harappan (2600–1900 BCE, undifferentiated)",excavated,RTL (conventional),P324 P096 P147 P316 P058 P364 P122 P385,P324 P096 P147 P316 P058 P364 P122 P385,,unicorn IV seal,medium,P324 P096 P147 P316 P058 P364 P122 P385,P324 P096 P147 P316 P058 P364 P122 P385,P324 P096 P147 P316 P058 P364 P122 P385,P324 P096 P147 P316 P058 P364 P122 P385,,,RTL,2026-04-22T17:10:09Z,see logs/file_manifest.json
GLOSSA-M-119A,Corpus of Indus Seals and Inscriptions (mayig digitization),Vol.1 (CISI India collections subset),,,M-119A,Mohenjo-daro,DK Area / HR Area,Pakistan,unicorn seal,steatite (assumed; seal corpus),"Mature Harappan (2600–1900 BCE, undifferentiated)",excavated,RTL (conventional),P001 P309 P195 P122 P086 P035 P270 P145 P154 P230,P001 P309 P195 P122 P086 P035 P270 P145 P154 P230,,unicorn IV seal,medium,P001 P309 P195 P122 P086 P035 P270 P145 P154 P230,P001 P309 P195 P122 P086 P035 P270 P145 P154 P230,P001 P309 P195 P122 P086 P035 P270 P145 P154 P230,P001 P309 P195 P122 P086 P035 P270 P145 P154 P230,,,RTL,2026-04-22T17:10:09Z,see logs/file_manifest.json
GLOSSA-M-120A,Corpus of Indus Seals and Inscriptions (mayig digitization),Vol.1 (CISI India collections subset),,,M-120A,Mohenjo-daro,DK Area / HR Area,Pakistan,unicorn seal,steatite (assumed; seal corpus),"Mature Harappan (2600–1900 BCE, undifferentiated)",excavated,RTL (conventional),P324 P009 P288 P325 P349 P044,P324 P009 P288 P325 P349 P044,,unicorn IV seal,medium,P324 P009 P288 P325 P349 P044,P324 P009 P288 P325 P349 P044,P324 P009 P288 P325 P349 P044,P324 P009 P288 P325 P349 P044,,,RTL,2026-04-22T17:10:09Z,see logs/file_manifest.json
GLOSSA-M-121A,Corpus of Indus Seals and Inscriptions (mayig digitization),Vol.1 (CISI India collections subset),,,M-121A,Mohenjo-daro,DK Area / HR Area,Pakistan,unicorn seal,steatite (assumed; seal corpus),"Mature Harappan (2600–1900 BCE, undifferentiated)",excavated,RTL (conventional),P324 P154 P355 P058 P075,P324 P154 P355 P058 P075,,unicorn IV seal,medium,P324 P154 P355 P058 P075,P324 P154 P355 P058 P075,P324 P154 P355 P058 P075,P324 P154 P355 P058 P075,,,RTL,2026-04-22T17:10:09Z,see logs/file_manifest.json
GLOSSA-M-122A,Corpus of Indus Seals and Inscriptions (mayig digitization),Vol.1 (CISI India collections subset),,,M-122A,Mohenjo-daro,DK Area / HR Area,Pakistan,unicorn seal,steatite (assumed; seal corpus),"Mature Harappan (2600–1900 BCE, undifferentiated)",excavated,RTL (conventional),P217 P147 P316,P217 P147 P316,,unicorn IV seal,medium,P217 P147 P316,P217 P147 P316,P217 P147 P316,P217 P147 P316,,,RTL,2026-04-22T17:10:09Z,see logs/file_manifest.json
GLOSSA-M-123A,Corpus of Indus Seals and Inscriptions (mayig digitization),Vol.1 (CISI India collections subset),,,M-123A,Mohenjo-daro,DK Area / HR Area,Pakistan,unicorn seal,steatite (assumed; seal corpus),"Mature Harappan (2600–1900 BCE, undifferentiated)",excavated,RTL (conventional),P098 P014 P202 P114,P098 P014 P202 P114,,unicorn IV seal,medium,P098 P014 P202 P114,P098 P014 P202 P114,P098 P014 P202 P114,P098 P014 P202 P114,,,RTL,2026-04-22T17:10:09Z,see logs/file_manifest.json
GLOSSA-M-124A,Corpus of Indus Seals and Inscriptions (mayig digitization),Vol.1 (CISI India collections subset),,,M-124A,Mohenjo-daro,DK Area / HR Area,Pakistan,unicorn seal,steatite (assumed; seal corpus),"Mature Harappan (2600–1900 BCE, undifferentiated)",excavated,RTL (conventional),P324 P175 P050 P145,P324 P175 P050 P145,,unicorn IV seal,medium,P324 P175 P050 P145,P324 P175 P050 P145,P324 P175 P050 P145,P324 P175 P050 P145,,,RTL,2026-04-22T17:10:09Z,see logs/file_manifest.json
GLOSSA-M-125A,Corpus of Indus Seals and Inscriptions (mayig digitization),Vol.1 (CISI India collections subset),,,M-125A,Mohenjo-daro,DK Area / HR Area,Pakistan,unicorn seal,steatite (assumed; seal corpus),"Mature Harappan (2600–1900 BCE, undifferentiated)",excavated,RTL (conventional),P000 P144 P108,P000 P144 P108,,unicorn IV seal,medium,P000 P144 P108,P000 P144 P108,P000 P144 P108,P000 P144 P108,,,RTL,2026-04-22T17:10:09Z,see logs/file_manifest.json
GLOSSA-M-126A,Corpus of Indus Seals and Inscriptions (mayig digitization),Vol.1 (CISI India collections subset),,,M-126A,Mohenjo-daro,DK Area / HR Area,Pakistan,unicorn seal,steatite (assumed; seal corpus),"Mature Harappan (2600–1900 BCE, undifferentiated)",excavated,RTL (conventional),P000 P230 P234 P120 P256,P000 P230 P234 P120 P256,,unicorn IV seal,medium,P000 P230 P234 P120 P256,P000 P230 P234 P120 P256,P000 P230 P234 P120 P256,P000 P230 P234 P120 P256,,,RTL,2026-04-22T17:10:09Z,see logs/file_manifest.json
GLOSSA-M-127A,Corpus of Indus Seals and Inscriptions (mayig digitization),Vol.1 (CISI India collections subset),,,M-127A,Mohenjo-daro,DK Area / HR Area,Pakistan,unicorn seal,steatite (assumed; seal corpus),"Mature Harappan (2600–1900 BCE, undifferentiated)",excavated,RTL (conventional),P238 P324 P060 P324 P194,P238 P324 P060 P324 P194,,unicorn IV seal,medium,P238 P324 P060 P324 P194,P238 P324 P060 P324 P194,P238 P324 P060 P324 P194,P238 P324 P060 P324 P194,,,RTL,2026-04-22T17:10:09Z,see logs/file_manifest.json
GLOSSA-M-128A,Corpus of Indus Seals and Inscriptions (mayig digitization),Vol.1 (CISI India collections subset),,,M-128A,Mohenjo-daro,DK Area / HR Area,Pakistan,unicorn seal,steatite (assumed; seal corpus),"Mature Harappan (2600–1900 BCE, undifferentiated)",excavated,RTL (conventional),P324 P175 P364 P324 P208 P316,P324 P175 P364 P324 P208 P316,,unicorn IV seal,medium,P324 P175 P364 P324 P208 P316,P324 P175 P364 P324 P208 P316,P324 P175 P364 P324 P208 P316,P324 P175 P364 P324 P208 P316,,,RTL,2026-04-22T17:10:09Z,see logs/file_manifest.json
GLOSSA-M-129A,Corpus of Indus Seals and Inscriptions (mayig digitization),Vol.1 (CISI India collections subset),,,M-129A,Mohenjo-daro,DK Area / HR Area,Pakistan,unicorn seal,steatite (assumed; seal corpus),"Mature Harappan (2600–1900 BCE, undifferentiated)",excavated,RTL (conventional),P217 P058 P062 P060 P325 P293,P217 P058 P062 P060 P325 P293,,unicorn IV seal,medium,P217 P058 P062 P060 P325 P293,P217 P058 P062 P060 P325 P293,P217 P058 P062 P060 P325 P293,P217 P058 P062 P060 P325 P293,,,RTL,2026-04-22T17:10:09Z,see logs/file_manifest.json
GLOSSA-M-130A,Corpus of Indus Seals and Inscriptions (mayig digitization),Vol.1 (CISI India collections subset),,,M-130A,Mohenjo-daro,DK Area / HR Area,Pakistan,unicorn seal,steatite (assumed; seal corpus),"Mature Harappan (2600–1900 BCE, undifferentiated)",excavated,RTL (conventional),P324 P003 P050 P145 P122 P032,P324 P003 P050 P145 P122 P032,,unicorn IV seal,medium,P324 P003 P050 P145 P122 P032,P324 P003 P050 P145 P122 P032,P324 P003 P050 P145 P122 P032,P324 P003 P050 P145 P122 P032,,,RTL,2026-04-22T17:10:09Z,see logs/file_manifest.json
GLOSSA-M-131A,Corpus of Indus Seals and Inscriptions (mayig digitization),Vol.1 (CISI India collections subset),,,M-131A,Mohenjo-daro,DK Area / HR Area,Pakistan,unicorn seal,steatite (assumed; seal corpus),"Mature Harappan (2600–1900 BCE, undifferentiated)",excavated,RTL (conventional),P324 P086 P276 P325 P086 P355,P324 P086 P276 P325 P086 P355,,unicorn IV seal,medium,P324 P086 P276 P325 P086 P355,P324 P086 P276 P325 P086 P355,P324 P086 P276 P325 P086 P355,P324 P086 P276 P325 P086 P355,,,RTL,2026-04-22T17:10:09Z,see logs/file_manifest.json
GLOSSA-M-132A,Corpus of Indus Seals and Inscriptions (mayig digitization),Vol.1 (CISI India collections subset),,,M-132A,Mohenjo-daro,DK Area / HR Area,Pakistan,unicorn seal,steatite (assumed; seal corpus),"Mature Harappan (2600–1900 BCE, undifferentiated)",excavated,RTL (conventional),P004 P123 P226,P004 P123 P226,,unicorn IV seal,medium,P004 P123 P226,P004 P123 P226,P004 P123 P226,P004 P123 P226,,,RTL,2026-04-22T17:10:09Z,see logs/file_manifest.json
GLOSSA-M-133A,Corpus of Indus Seals and Inscriptions (mayig digitization),Vol.1 (CISI India collections subset),,,M-133A,Mohenjo-daro,DK Area / HR Area,Pakistan,unicorn seal,steatite (assumed; seal corpus),"Mature Harappan (2600–1900 BCE, undifferentiated)",excavated,RTL (conventional),P301 P230 P062 P050 P073 P369 P174 P110,P301 P230 P062 P050 P073 P369 P174 P110,,unicorn IV seal,medium,P301 P230 P062 P050 P073 P369 P174 P110,P301 P230 P062 P050 P073 P369 P174 P110,P301 P230 P062 P050 P073 P369 P174 P110,P301 P230 P062 P050 P073 P369 P174 P110,,,RTL,2026-04-22T17:10:09Z,see logs/file_manifest.json
GLOSSA-M-134A,Corpus of Indus Seals and Inscriptions (mayig digitization),Vol.1 (CISI India collections subset),,,M-134A,Mohenjo-daro,DK Area / HR Area,Pakistan,unicorn seal,steatite (assumed; seal corpus),"Mature Harappan (2600–1900 BCE, undifferentiated)",excavated,RTL (conventional),P390 P145 P256,P390 P145 P256,,unicorn IV seal,medium,P390 P145 P256,P390 P145 P256,P390 P145 P256,P390 P145 P256,,,RTL,2026-04-22T17:10:09Z,see logs/file_manifest.json
GLOSSA-M-135A,Corpus of Indus Seals and Inscriptions (mayig digitization),Vol.1 (CISI India collections subset),,,M-135A,Mohenjo-daro,DK Area / HR Area,Pakistan,unicorn seal,steatite (assumed; seal corpus),"Mature Harappan (2600–1900 BCE, undifferentiated)",excavated,RTL (conventional),P217 P147 P316 P144,P217 P147 P316 P144,,unicorn IV seal,medium,P217 P147 P316 P144,P217 P147 P316 P144,P217 P147 P316 P144,P217 P147 P316 P144,,,RTL,2026-04-22T17:10:09Z,see logs/file_manifest.json
GLOSSA-M-136A,Corpus of Indus Seals and Inscriptions (mayig digitization),Vol.1 (CISI India collections subset),,,M-136A,Mohenjo-daro,DK Area / HR Area,Pakistan,unicorn seal,steatite (assumed; seal corpus),"Mature Harappan (2600–1900 BCE, undifferentiated)",excavated,RTL (conventional),P013 P324 P050 P126 P144 P177 P226,P013 P324 P050 P126 P144 P177 P226,,unicorn IV seal,medium,P013 P324 P050 P126 P144 P177 P226,P013 P324 P050 P126 P144 P177 P226,P013 P324 P050 P126 P144 P177 P226,P013 P324 P050 P126 P144 P177 P226,,,RTL,2026-04-22T17:10:09Z,see logs/file_manifest.json
GLOSSA-M-137A,Corpus of Indus Seals and Inscriptions (mayig digitization),Vol.1 (CISI India collections subset),,,M-137A,Mohenjo-daro,DK Area / HR Area,Pakistan,unicorn seal,steatite (assumed; seal corpus),"Mature Harappan (2600–1900 BCE, undifferentiated)",excavated,RTL (conventional),P379,P379,,unicorn IV seal,medium,P379,P379,P379,P379,,,RTL,2026-04-22T17:10:09Z,see logs/file_manifest.json
GLOSSA-M-138A,Corpus of Indus Seals and Inscriptions (mayig digitization),Vol.1 (CISI India collections subset),,,M-138A,Mohenjo-daro,DK Area / HR Area,Pakistan,unicorn seal,steatite (assumed; seal corpus),"Mature Harappan (2600–1900 BCE, undifferentiated)",excavated,RTL (conventional),P324 P154 P125,P324 P154 P125,,unicorn IV seal,medium,P324 P154 P125,P324 P154 P125,P324 P154 P125,P324 P154 P125,,,RTL,2026-04-22T17:10:09Z,see logs/file_manifest.json
GLOSSA-M-139A,Corpus of Indus Seals and Inscriptions (mayig digitization),Vol.1 (CISI India collections subset),,,M-139A,Mohenjo-daro,DK Area / HR Area,Pakistan,unicorn seal,steatite (assumed; seal corpus),"Mature Harappan (2600–1900 BCE, undifferentiated)",excavated,RTL (conventional),P147 P368 P061 P325 P294,P147 P368 P061 P325 P294,,unicorn IV seal,medium,P147 P368 P061 P325 P294,P147 P368 P061 P325 P294,P147 P368 P061 P325 P294,P147 P368 P061 P325 P294,,,RTL,2026-04-22T17:10:09Z,see logs/file_manifest.json
GLOSSA-M-140A,Corpus of Indus Seals and Inscriptions (mayig digitization),Vol.1 (CISI India collections subset),,,M-140A,Mohenjo-daro,DK Area / HR Area,Pakistan,unicorn seal,steatite (assumed; seal corpus),"Mature Harappan (2600–1900 BCE, undifferentiated)",excavated,RTL (conventional),P324 P309 P145 P050 P201 P283 P221,P324 P309 P145 P050 P201 P283 P221,,unicorn IV seal,medium,P324 P309 P145 P050 P201 P283 P221,P324 P309 P145 P050 P201 P283 P221,P324 P309 P145 P050 P201 P283 P221,P324 P309 P145 P050 P201 P283 P221,,,RTL,2026-04-22T17:10:09Z,see logs/file_manifest.json
GLOSSA-M-141A,Corpus of Indus Seals and Inscriptions (mayig digitization),Vol.1 (CISI India collections subset),,,M-141A,Mohenjo-daro,DK Area / HR Area,Pakistan,unicorn seal,steatite (assumed; seal corpus),"Mature Harappan (2600–1900 BCE, undifferentiated)",excavated,RTL (conventional),P000 P122 P000,P000 P122 P000,,unicorn IV seal,medium,P000 P122 P000,P000 P122 P000,P000 P122 P000,P000 P122 P000,,,RTL,2026-04-22T17:10:09Z,see logs/file_manifest.json
GLOSSA-M-142A,Corpus of Indus Seals and Inscriptions (mayig digitization),Vol.1 (CISI India collections subset),,,M-142A,Mohenjo-daro,DK Area / HR Area,Pakistan,unicorn seal,steatite (assumed; seal corpus),"Mature Harappan (2600–1900 BCE, undifferentiated)",excavated,RTL (conventional),P022 P011 P122 P385,P022 P011 P122 P385,,unicorn IV seal,medium,P022 P011 P122 P385,P022 P011 P122 P385,P022 P011 P122 P385,P022 P011 P122 P385,,,RTL,2026-04-22T17:10:09Z,see logs/file_manifest.json
GLOSSA-M-143A,Corpus of Indus Seals and Inscriptions (mayig digitization),Vol.1 (CISI India collections subset),,,M-143A,Mohenjo-daro,DK Area / HR Area,Pakistan,unicorn seal,steatite (assumed; seal corpus),"Mature Harappan (2600–1900 BCE, undifferentiated)",excavated,RTL (conventional),P324 P082 P122 P145 P170 P349,P324 P082 P122 P145 P170 P349,,unicorn IV seal,medium,P324 P082 P122 P145 P170 P349,P324 P082 P122 P145 P170 P349,P324 P082 P122 P145 P170 P349,P324 P082 P122 P145 P170 P349,,,RTL,2026-04-22T17:10:09Z,see logs/file_manifest.json
GLOSSA-M-144A,Corpus of Indus Seals and Inscriptions (mayig digitization),Vol.1 (CISI India collections subset),,,M-144A,Mohenjo-daro,DK Area / HR Area,Pakistan,unicorn seal,steatite (assumed; seal corpus),"Mature Harappan (2600–1900 BCE, undifferentiated)",excavated,RTL (conventional),P324 P009 P092 P062 P122 P385,P324 P009 P092 P062 P122 P385,,unicorn IV seal,medium,P324 P009 P092 P062 P122 P385,P324 P009 P092 P062 P122 P385,P324 P009 P092 P062 P122 P385,P324 P009 P092 P062 P122 P385,,,RTL,2026-04-22T17:10:09Z,see logs/file_manifest.json
GLOSSA-M-145A,Corpus of Indus Seals and Inscriptions (mayig digitization),Vol.1 (CISI India collections subset),,,M-145A,Mohenjo-daro,DK Area / HR Area,Pakistan,unicorn seal,steatite (assumed; seal corpus),"Mature Harappan (2600–1900 BCE, undifferentiated)",excavated,RTL (conventional),P324 P098 P031 P384,P324 P098 P031 P384,,unicorn IV seal,medium,P324 P098 P031 P384,P324 P098 P031 P384,P324 P098 P031 P384,P324 P098 P031 P384,,,RTL,2026-04-22T17:10:09Z,see logs/file_manifest.json
GLOSSA-M-146A,Corpus of Indus Seals and Inscriptions (mayig digitization),Vol.1 (CISI India collections subset),,,M-146A,Mohenjo-daro,DK Area / HR Area,Pakistan,unicorn seal,steatite (assumed; seal corpus),"Mature Harappan (2600–1900 BCE, undifferentiated)",excavated,RTL (conventional),P324 P073 P160 P120 P256,P324 P073 P160 P120 P256,,unicorn IV seal,medium,P324 P073 P160 P120 P256,P324 P073 P160 P120 P256,P324 P073 P160 P120 P256,P324 P073 P160 P120 P256,,,RTL,2026-04-22T17:10:09Z,see logs/file_manifest.json
GLOSSA-M-147A,Corpus of Indus Seals and Inscriptions (mayig digitization),Vol.1 (CISI India collections subset),,,M-147A,Mohenjo-daro,DK Area / HR Area,Pakistan,unicorn seal,steatite (assumed; seal corpus),"Mature Harappan (2600–1900 BCE, undifferentiated)",excavated,RTL (conventional),P051 P364 P122 P050 P221 P217,P051 P364 P122 P050 P221 P217,,unicorn IV seal,medium,P051 P364 P122 P050 P221 P217,P051 P364 P122 P050 P221 P217,P051 P364 P122 P050 P221 P217,P051 P364 P122 P050 P221 P217,,,RTL,2026-04-22T17:10:09Z,see logs/file_manifest.json
GLOSSA-M-148A,Corpus of Indus Seals and Inscriptions (mayig digitization),Vol.1 (CISI India collections subset),,,M-148A,Mohenjo-daro,DK Area / HR Area,Pakistan,unicorn seal,steatite (assumed; seal corpus),"Mature Harappan (2600–1900 BCE, undifferentiated)",excavated,RTL (conventional),P324 P385 P231,P324 P385 P231,,unicorn IV seal,medium,P324 P385 P231,P324 P385 P231,P324 P385 P231,P324 P385 P231,,,RTL,2026-04-22T17:10:09Z,see logs/file_manifest.json
GLOSSA-M-149A,Corpus of Indus Seals and Inscriptions (mayig digitization),Vol.1 (CISI India collections subset),,,M-149A,Mohenjo-daro,DK Area / HR Area,Pakistan,unicorn seal,steatite (assumed; seal corpus),"Mature Harappan (2600–1900 BCE, undifferentiated)",excavated,RTL (conventional),P324 P332 P283 P120 P230,P324 P332 P283 P120 P230,,unicorn IV seal,medium,P324 P332 P283 P120 P230,P324 P332 P283 P120 P230,P324 P332 P283 P120 P230,P324 P332 P283 P120 P230,,,RTL,2026-04-22T17:10:09Z,see logs/file_manifest.json
GLOSSA-M-150A,Corpus of Indus Seals and Inscriptions (mayig digitization),Vol.1 (CISI India collections subset),,,M-150A,Mohenjo-daro,DK Area / HR Area,Pakistan,unicorn seal,steatite (assumed; seal corpus),"Mature Harappan (2600–1900 BCE, undifferentiated)",excavated,RTL (conventional),P324 P368,P324 P368,,unicorn IV seal,medium,P324 P368,P324 P368,P324 P368,P324 P368,,,RTL,2026-04-22T17:10:09Z,see logs/file_manifest.json
GLOSSA-M-151A,Corpus of Indus Seals and Inscriptions (mayig digitization),Vol.1 (CISI India collections subset),,,M-151A,Mohenjo-daro,DK Area / HR Area,Pakistan,unicorn seal,steatite (assumed; seal corpus),"Mature Harappan (2600–1900 BCE, undifferentiated)",excavated,RTL (conventional),P050 P201 P393,P050 P201 P393,,unicorn IV seal,medium,P050 P201 P393,P050 P201 P393,P050 P201 P393,P050 P201 P393,,,RTL,2026-04-22T17:10:09Z,see logs/file_manifest.json
GLOSSA-M-152A,Corpus of Indus Seals and Inscriptions (mayig digitization),Vol.1 (CISI India collections subset),,,M-152A,Mohenjo-daro,DK Area / HR Area,Pakistan,unicorn seal,steatite (assumed; seal corpus),"Mature Harappan (2600–1900 BCE, undifferentiated)",excavated,RTL (conventional),P324 P096 P122 P385,P324 P096 P122 P385,,unicorn IV seal,medium,P324 P096 P122 P385,P324 P096 P122 P385,P324 P096 P122 P385,P324 P096 P122 P385,,,RTL,2026-04-22T17:10:09Z,see logs/file_manifest.json
GLOSSA-M-153A,Corpus of Indus Seals and Inscriptions (mayig digitization),Vol.1 (CISI India collections subset),,,M-153A,Mohenjo-daro,DK Area / HR Area,Pakistan,unicorn seal,steatite (assumed; seal corpus),"Mature Harappan (2600–1900 BCE, undifferentiated)",excavated,RTL (conventional),P067 P026 P076,P067 P026 P076,,unicorn IV seal,medium,P067 P026 P076,P067 P026 P076,P067 P026 P076,P067 P026 P076,,,RTL,2026-04-22T17:10:09Z,see logs/file_manifest.json
GLOSSA-M-154A,Corpus of Indus Seals and Inscriptions (mayig digitization),Vol.1 (CISI India collections subset),,,M-154A,Mohenjo-daro,DK Area / HR Area,Pakistan,unicorn seal,steatite (assumed; seal corpus),"Mature Harappan (2600–1900 BCE, undifferentiated)",excavated,RTL (conventional),P217 P050 P092 P122 P300 P182 P265,P217 P050 P092 P122 P300 P182 P265,,unicorn IV seal,medium,P217 P050 P092 P122 P300 P182 P265,P217 P050 P092 P122 P300 P182 P265,P217 P050 P092 P122 P300 P182 P265,P217 P050 P092 P122 P300 P182 P265,,,RTL,2026-04-22T17:10:09Z,see logs/file_manifest.json
GLOSSA-M-155A,Corpus of Indus Seals and Inscriptions (mayig digitization),Vol.1 (CISI India collections subset),,,M-155A,Mohenjo-daro,DK Area / HR Area,Pakistan,unicorn seal,steatite (assumed; seal corpus),"Mature Harappan (2600–1900 BCE, undifferentiated)",excavated,RTL (conventional),P324 P194 P144,P324 P194 P144,,unicorn IV seal,medium,P324 P194 P144,P324 P194 P144,P324 P194 P144,P324 P194 P144,,,RTL,2026-04-22T17:10:09Z,see logs/file_manifest.json
GLOSSA-M-157A,Corpus of Indus Seals and Inscriptions (mayig digitization),Vol.1 (CISI India collections subset),,,M-157A,Mohenjo-daro,DK Area / HR Area,Pakistan,unicorn seal,steatite (assumed; seal corpus),"Mature Harappan (2600–1900 BCE, undifferentiated)",excavated,RTL (conventional),P324 P154 P355 P058 P075 P121 P378,P324 P154 P355 P058 P075 P121 P378,,unicorn IV seal,medium,P324 P154 P355 P058 P075 P121 P378,P324 P154 P355 P058 P075 P121 P378,P324 P154 P355 P058 P075 P121 P378,P324 P154 P355 P058 P075 P121 P378,,,RTL,2026-04-22T17:10:09Z,see logs/file_manifest.json
GLOSSA-M-158A,Corpus of Indus Seals and Inscriptions (mayig digitization),Vol.1 (CISI India collections subset),,,M-158A,Mohenjo-daro,DK Area / HR Area,Pakistan,unicorn seal,steatite (assumed; seal corpus),"Mature Harappan (2600–1900 BCE, undifferentiated)",excavated,RTL (conventional),P086 P126 P120 P230,P086 P126 P120 P230,,unicorn IV seal,medium,P086 P126 P120 P230,P086 P126 P120 P230,P086 P126 P120 P230,P086 P126 P120 P230,,,RTL,2026-04-22T17:10:09Z,see logs/file_manifest.json
GLOSSA-M-159A,Corpus of Indus Seals and Inscriptions (mayig digitization),Vol.1 (CISI India collections subset),,,M-159A,Mohenjo-daro,DK Area / HR Area,Pakistan,unicorn seal,steatite (assumed; seal corpus),"Mature Harappan (2600–1900 BCE, undifferentiated)",excavated,RTL (conventional),P324 P136 P325 P166 P290,P324 P136 P325 P166 P290,,unicorn IV seal,medium,P324 P136 P325 P166 P290,P324 P136 P325 P166 P290,P324 P136 P325 P166 P290,P324 P136 P325 P166 P290,,,RTL,2026-04-22T17:10:09Z,see logs/file_manifest.json
GLOSSA-M-160A,Corpus of Indus Seals and Inscriptions (mayig digitization),Vol.1 (CISI India collections subset),,,M-160A,Mohenjo-daro,DK Area / HR Area,Pakistan,unicorn seal,steatite (assumed; seal corpus),"Mature Harappan (2600–1900 BCE, undifferentiated)",excavated,RTL (conventional),P001 P048 P144 P122 P378 P325,P001 P048 P144 P122 P378 P325,,unicorn IV seal,medium,P001 P048 P144 P122 P378 P325,P001 P048 P144 P122 P378 P325,P001 P048 P144 P122 P378 P325,P001 P048 P144 P122 P378 P325,,,RTL,2026-04-22T17:10:09Z,see logs/file_manifest.json
GLOSSA-M-161A,Corpus of Indus Seals and Inscriptions (mayig digitization),Vol.1 (CISI India collections subset),,,M-161A,Mohenjo-daro,DK Area / HR Area,Pakistan,unicorn seal,steatite (assumed; seal corpus),"Mature Harappan (2600–1900 BCE, undifferentiated)",excavated,RTL (conventional),P268 P268 P037 P123,P268 P268 P037 P123,,unicorn IV seal,medium,P268 P268 P037 P123,P268 P268 P037 P123,P268 P268 P037 P123,P268 P268 P037 P123,,,RTL,2026-04-22T17:10:09Z,see logs/file_manifest.json
GLOSSA-M-162A,Corpus of Indus Seals and Inscriptions (mayig digitization),Vol.1 (CISI India collections subset),,,M-162A,Mohenjo-daro,DK Area / HR Area,Pakistan,unicorn seal,steatite (assumed; seal corpus),"Mature Harappan (2600–1900 BCE, undifferentiated)",excavated,RTL (conventional),P324 P332 P349 P230 P234 P123,P324 P332 P349 P230 P234 P123,,unicorn IV seal,medium,P324 P332 P349 P230 P234 P123,P324 P332 P349 P230 P234 P123,P324 P332 P349 P230 P234 P123,P324 P332 P349 P230 P234 P123,,,RTL,2026-04-22T17:10:09Z,see logs/file_manifest.json
GLOSSA-M-163A,Corpus of Indus Seals and Inscriptions (mayig digitization),Vol.1 (CISI India collections subset),,,M-163A,Mohenjo-daro,DK Area / HR Area,Pakistan,unicorn seal,steatite (assumed; seal corpus),"Mature Harappan (2600–1900 BCE, undifferentiated)",excavated,RTL (conventional),P217 P050 P092 P120 P378,P217 P050 P092 P120 P378,,unicorn IV seal,medium,P217 P050 P092 P120 P378,P217 P050 P092 P120 P378,P217 P050 P092 P120 P378,P217 P050 P092 P120 P378,,,RTL,2026-04-22T17:10:09Z,see logs/file_manifest.json
GLOSSA-M-164A,Corpus of Indus Seals and Inscriptions (mayig digitization),Vol.1 (CISI India collections subset),,,M-164A,Mohenjo-daro,DK Area / HR Area,Pakistan,unicorn seal,steatite (assumed; seal corpus),"Mature Harappan (2600–1900 BCE, undifferentiated)",excavated,RTL (conventional),P324 P031 P204 P122 P385,P324 P031 P204 P122 P385,,unicorn IV seal,medium,P324 P031 P204 P122 P385,P324 P031 P204 P122 P385,P324 P031 P204 P122 P385,P324 P031 P204 P122 P385,,,RTL,2026-04-22T17:10:09Z,see logs/file_manifest.json
GLOSSA-M-165A,Corpus of Indus Seals and Inscriptions (mayig digitization),Vol.1 (CISI India collections subset),,,M-165A,Mohenjo-daro,DK Area / HR Area,Pakistan,unicorn seal,steatite (assumed; seal corpus),"Mature Harappan (2600–1900 BCE, undifferentiated)",excavated,RTL (conventional),P324 P332 P121 P325 P086 P122 P385 P324 P076,P324 P332 P121 P325 P086 P122 P385 P324 P076,,unicorn IV seal,medium,P324 P332 P121 P325 P086 P122 P385 P324 P076,P324 P332 P121 P325 P086 P122 P385 P324 P076,P324 P332 P121 P325 P086 P122 P385 P324 P076,P324 P332 P121 P325 P086 P122 P385 P324 P076,,,RTL,2026-04-22T17:10:09Z,see logs/file_manifest.json
GLOSSA-M-166A,Corpus of Indus Seals and Inscriptions (mayig digitization),Vol.1 (CISI India collections subset),,,M-166A,Mohenjo-daro,DK Area / HR Area,Pakistan,unicorn seal,steatite (assumed; seal corpus),"Mature Harappan (2600–1900 BCE, undifferentiated)",excavated,RTL (conventional),P086 P349 P062 P364 P122 P385,P086 P349 P062 P364 P122 P385,,unicorn IV seal,medium,P086 P349 P062 P364 P122 P385,P086 P349 P062 P364 P122 P385,P086 P349 P062 P364 P122 P385,P086 P349 P062 P364 P122 P385,,,RTL,2026-04-22T17:10:09Z,see logs/file_manifest.json
GLOSSA-M-167A,Corpus of Indus Seals and Inscriptions (mayig digitization),Vol.1 (CISI India collections subset),,,M-167A,Mohenjo-daro,DK Area / HR Area,Pakistan,unicorn seal,steatite (assumed; seal corpus),"Mature Harappan (2600–1900 BCE, undifferentiated)",excavated,RTL (conventional),P324 P000 P385,P324 P000 P385,,unicorn IV seal,medium,P324 P000 P385,P324 P000 P385,P324 P000 P385,P324 P000 P385,,,RTL,2026-04-22T17:10:09Z,see logs/file_manifest.json
GLOSSA-M-169A,Corpus of Indus Seals and Inscriptions (mayig digitization),Vol.1 (CISI India collections subset),,,M-169A,Mohenjo-daro,DK Area / HR Area,Pakistan,unicorn seal,steatite (assumed; seal corpus),"Mature Harappan (2600–1900 BCE, undifferentiated)",excavated,RTL (conventional),P324 P289 P127 P000 P145,P324 P289 P127 P000 P145,,unicorn IV seal,medium,P324 P289 P127 P000 P145,P324 P289 P127 P000 P145,P324 P289 P127 P000 P145,P324 P289 P127 P000 P145,,,RTL,2026-04-22T17:10:09Z,see logs/file_manifest.json
GLOSSA-M-170A,Corpus of Indus Seals and Inscriptions (mayig digitization),Vol.1 (CISI India collections subset),,,M-170A,Mohenjo-daro,DK Area / HR Area,Pakistan,unicorn seal,steatite (assumed; seal corpus),"Mature Harappan (2600–1900 BCE, undifferentiated)",excavated,RTL (conventional),P324 P175 P086 P204 P114 P145 P325 P385,P324 P175 P086 P204 P114 P145 P325 P385,,unicorn IV seal,medium,P324 P175 P086 P204 P114 P145 P325 P385,P324 P175 P086 P204 P114 P145 P325 P385,P324 P175 P086 P204 P114 P145 P325 P385,P324 P175 P086 P204 P114 P145 P325 P385,,,RTL,2026-04-22T17:10:09Z,see logs/file_manifest.json
GLOSSA-M-171A,Corpus of Indus Seals and Inscriptions (mayig digitization),Vol.1 (CISI India collections subset),,,M-171A,Mohenjo-daro,DK Area / HR Area,Pakistan,unicorn seal,steatite (assumed; seal corpus),"Mature Harappan (2600–1900 BCE, undifferentiated)",excavated,RTL (conventional),P086 P204 P324 P175 P058 P364 P120 P256,P086 P204 P324 P175 P058 P364 P120 P256,,unicorn IV seal,medium,P086 P204 P324 P175 P058 P364 P120 P256,P086 P204 P324 P175 P058 P364 P120 P256,P086 P204 P324 P175 P058 P364 P120 P256,P086 P204 P324 P175 P058 P364 P120 P256,,,RTL,2026-04-22T17:10:09Z,see logs/file_manifest.json
GLOSSA-M-172A,Corpus of Indus Seals and Inscriptions (mayig digitization),Vol.1 (CISI India collections subset),,,M-172A,Mohenjo-daro,DK Area / HR Area,Pakistan,unicorn seal,steatite (assumed; seal corpus),"Mature Harappan (2600–1900 BCE, undifferentiated)",excavated,RTL (conventional),P086 P128 P121 P050 P117 P355,P086 P128 P121 P050 P117 P355,,unicorn IV seal,medium,P086 P128 P121 P050 P117 P355,P086 P128 P121 P050 P117 P355,P086 P128 P121 P050 P117 P355,P086 P128 P121 P050 P117 P355,,,RTL,2026-04-22T17:10:09Z,see logs/file_manifest.json
GLOSSA-M-173A,Corpus of Indus Seals and Inscriptions (mayig digitization),Vol.1 (CISI India collections subset),,,M-173A,Mohenjo-daro,DK Area / HR Area,Pakistan,unicorn seal,steatite (assumed; seal corpus),"Mature Harappan (2600–1900 BCE, undifferentiated)",excavated,RTL (conventional),P324 P110 P160 P303 P364,P324 P110 P160 P303 P364,,unicorn IV seal,medium,P324 P110 P160 P303 P364,P324 P110 P160 P303 P364,P324 P110 P160 P303 P364,P324 P110 P160 P303 P364,,,RTL,2026-04-22T17:10:09Z,see logs/file_manifest.json
GLOSSA-M-174A,Corpus of Indus Seals and Inscriptions (mayig digitization),Vol.1 (CISI India collections subset),,,M-174A,Mohenjo-daro,DK Area / HR Area,Pakistan,unicorn seal,steatite (assumed; seal corpus),"Mature Harappan (2600–1900 BCE, undifferentiated)",excavated,RTL (conventional),P324 P175 P050 P145 P122 P378,P324 P175 P050 P145 P122 P378,,unicorn IV seal,medium,P324 P175 P050 P145 P122 P378,P324 P175 P050 P145 P122 P378,P324 P175 P050 P145 P122 P378,P324 P175 P050 P145 P122 P378,,,RTL,2026-04-22T17:10:09Z,see logs/file_manifest.json
GLOSSA-M-175A,Corpus of Indus Seals and Inscriptions (mayig digitization),Vol.1 (CISI India collections subset),,,M-175A,Mohenjo-daro,DK Area / HR Area,Pakistan,unicorn seal,steatite (assumed; seal corpus),"Mature Harappan (2600–1900 BCE, undifferentiated)",excavated,RTL (conventional),P000 P122 P385,P000 P122 P385,,unicorn V seal,medium,P000 P122 P385,P000 P122 P385,P000 P122 P385,P000 P122 P385,,,RTL,2026-04-22T17:10:09Z,see logs/file_manifest.json
GLOSSA-M-176A,Corpus of Indus Seals and Inscriptions (mayig digitization),Vol.1 (CISI India collections subset),,,M-176A,Mohenjo-daro,DK Area / HR Area,Pakistan,unicorn seal,steatite (assumed; seal corpus),"Mature Harappan (2600–1900 BCE, undifferentiated)",excavated,RTL (conventional),P000 P255,P000 P255,,unicorn V seal,medium,P000 P255,P000 P255,P000 P255,P000 P255,,,RTL,2026-04-22T17:10:09Z,see logs/file_manifest.json
GLOSSA-M-177A,Corpus of Indus Seals and Inscriptions (mayig digitization),Vol.1 (CISI India collections subset),,,M-177A,Mohenjo-daro,DK Area / HR Area,Pakistan,unicorn seal,steatite (assumed; seal corpus),"Mature Harappan (2600–1900 BCE, undifferentiated)",excavated,RTL (conventional),P086 P123 P122 P385,P086 P123 P122 P385,,unicorn V seal,medium,P086 P123 P122 P385,P086 P123 P122 P385,P086 P123 P122 P385,P086 P123 P122 P385,,,RTL,2026-04-22T17:10:09Z,see logs/file_manifest.json
GLOSSA-M-178A,Corpus of Indus Seals and Inscriptions (mayig digitization),Vol.1 (CISI India collections subset),,,M-178A,Mohenjo-daro,DK Area / HR Area,Pakistan,unicorn seal,steatite (assumed; seal corpus),"Mature Harappan (2600–1900 BCE, undifferentiated)",excavated,RTL (conventional),P086 P126,P086 P126,,unicorn V seal,medium,P086 P126,P086 P126,P086 P126,P086 P126,,,RTL,2026-04-22T17:10:09Z,see logs/file_manifest.json
GLOSSA-M-179A,Corpus of Indus Seals and Inscriptions (mayig digitization),Vol.1 (CISI India collections subset),,,M-179A,Mohenjo-daro,DK Area / HR Area,Pakistan,unicorn seal,steatite (assumed; seal corpus),"Mature Harappan (2600–1900 BCE, undifferentiated)",excavated,RTL (conventional),P086 P123,P086 P123,,unicorn V seal,medium,P086 P123,P086 P123,P086 P123,P086 P123,,,RTL,2026-04-22T17:10:09Z,see logs/file_manifest.json
GLOSSA-M-180A,Corpus of Indus Seals and Inscriptions (mayig digitization),Vol.1 (CISI India collections subset),,,M-180A,Mohenjo-daro,DK Area / HR Area,Pakistan,unicorn seal,steatite (assumed; seal corpus),"Mature Harappan (2600–1900 BCE, undifferentiated)",excavated,RTL (conventional),P324 P265,P324 P265,,unicorn V seal,medium,P324 P265,P324 P265,P324 P265,P324 P265,,,RTL,2026-04-22T17:10:09Z,see logs/file_manifest.json
GLOSSA-M-181A,Corpus of Indus Seals and Inscriptions (mayig digitization),Vol.1 (CISI India collections subset),,,M-181A,Mohenjo-daro,DK Area / HR Area,Pakistan,unicorn seal,steatite (assumed; seal corpus),"Mature Harappan (2600–1900 BCE, undifferentiated)",excavated,RTL (conventional),P217 P193 P122 P205 P207,P217 P193 P122 P205 P207,,unicorn V seal,medium,P217 P193 P122 P205 P207,P217 P193 P122 P205 P207,P217 P193 P122 P205 P207,P217 P193 P122 P205 P207,,,RTL,2026-04-22T17:10:09Z,see logs/file_manifest.json
GLOSSA-M-182A,Corpus of Indus Seals and Inscriptions (mayig digitization),Vol.1 (CISI India collections subset),,,M-182A,Mohenjo-daro,DK Area / HR Area,Pakistan,unicorn seal,steatite (assumed; seal corpus),"Mature Harappan (2600–1900 BCE, undifferentiated)",excavated,RTL (conventional),P324 P095,P324 P095,,unicorn V seal,medium,P324 P095,P324 P095,P324 P095,P324 P095,,,RTL,2026-04-22T17:10:09Z,see logs/file_manifest.json
GLOSSA-M-183A,Corpus of Indus Seals and Inscriptions (mayig digitization),Vol.1 (CISI India collections subset),,,M-183A,Mohenjo-daro,DK Area / HR Area,Pakistan,unicorn seal,steatite (assumed; seal corpus),"Mature Harappan (2600–1900 BCE, undifferentiated)",excavated,RTL (conventional),P217 P058 P120 P205,P217 P058 P120 P205,,unicorn V seal,medium,P217 P058 P120 P205,P217 P058 P120 P205,P217 P058 P120 P205,P217 P058 P120 P205,,,RTL,2026-04-22T17:10:09Z,see logs/file_manifest.json
GLOSSA-M-184A,Corpus of Indus Seals and Inscriptions (mayig digitization),Vol.1 (CISI India collections subset),,,M-184A,Mohenjo-daro,DK Area / HR Area,Pakistan,unicorn seal,steatite (assumed; seal corpus),"Mature Harappan (2600–1900 BCE, undifferentiated)",excavated,RTL (conventional),P013 P324 P010 P359,P013 P324 P010 P359,,unicorn V seal,medium,P013 P324 P010 P359,P013 P324 P010 P359,P013 P324 P010 P359,P013 P324 P010 P359,,,RTL,2026-04-22T17:10:09Z,see logs/file_manifest.json
